ลำดับ,รหัสสถานบริการ,,ชื่อสถานบริการ,,ตำบล/แขวงที่ตั้ง,อำเภอ/เขตที่ตั้ง,,จังหวัดที่ตั้ง,สปสช.เขตที่ตั้ง,,สถานะการขึ้นทะเบียน,,,สังกัดหลัก,สังกัดย่อย
1,GA0024434,,เขื่อนท่าทุ่งนา,,ช่องสะเดา,เมืองกาญจนบุรี,,กาญจนบุรี,เขตสุขภาพที่ 5,,กำลังใช้งาน,,,รัฐบาล,ศูนย์บริการสาธารณสุข
2,GA0024433,,เขื่อนศรีนครินทร์,,ท่ากระดาน,ศรีสวัสดิ์,,กาญจนบุรี,เขตสุขภาพที่ 5,,กำลังใช้งาน,,,รัฐบาล,ศูนย์บริการสาธารณสุข
3,HA0012113,,โรงพยาบาลทั่วไปขนาดเล็กคริสเตียนแม่น้ำแควน้อย,,หนองลู,สังขละบุรี,,กาญจนบุรี,เขตสุขภาพที่ 5,,กำลังใช้งาน,,,เอกชน,โรงพยาบาลเอกชน
4,CA0041906,,ท่าม่วงคลินิกเวชกรรม,,ท่าม่วง,ท่าม่วง,,กาญจนบุรี,เขตสุขภาพที่ 5,,กำลังใช้งาน,,,เอกชน,คลินิกเอกชน
5,CA0041905,,คลินิกเฉพาะทางด้านเวชกรรมแพทย์ธเนศ,,ปากแพรก,เมืองกาญจนบุรี,,กาญจนบุรี,เขตสุขภาพที่ 5,,กำลังใช้งาน,,,เอกชน,คลินิกเอกชน
6,HA0012110,,โรงพยาบาลทั่วไปขนาดใหญ่ สินแพทย์ กาญจนบุรี,,ท่ามะขาม,เมืองกาญจนบุรี,,กาญจนบุรี,เขตสุขภาพที่ 5,,กำลังใช้งาน,,,เอกชน,โรงพยาบาลเอกชน
7,GA0042308,,โรงพยาบาลส่งเสริมสุขภาพตำบลบ้านเขาตองพัฒนา,,ปากแพรก,เมืองกาญจนบุรี,,กาญจนบุรี,เขตสุขภาพที่ 5,,กำลังใช้งาน,,,รัฐบาล,ศูนย์บริการสาธารณสุข อปท.
8,CA0042325,,เบญญาภาคลินิกเฉพาะทางด้านเวชกรรมสูติ-นรีเวช,,ท่าเรือ,ท่ามะกา,,กาญจนบุรี,เขตสุขภาพที่ 5,,กำลังใช้งาน,,,เอกชน,คลินิกเอกชน
9,CA0042407,,คลินิกใกล้หมอ,,ด่านมะขามเตี้ย,ด่านมะขามเตี้ย,,กาญจนบุรี,เขตสุขภาพที่ 5,,กำลังใช้งาน,,,เอกชน,คลินิกเอกชน
10,CA0042451,,ศูนย์อภิบาลริเวอร์แควสหคลินิก,,ท่ามะขาม,เมืองกาญจนบุรี,,กาญจนบุรี,เขตสุขภาพที่ 5,,กำลังใช้งาน,,,เอกชน,คลินิกเอกชน
11,CA0042597,,หยกฟ้าแล็บคลินิกเทคนิคการแพทย์,,ท่าม่วง,ท่าม่วง,,กาญจนบุรี,เขตสุขภาพที่ 5,,กำลังใช้งาน,,,เอกชน,คลินิกเอกชน
12,CA0042618,,คลินิกใกล้หมอการพยาบาลและการผดุงครรภ์,,ด่านมะขามเตี้ย,ด่านมะขามเตี้ย,,กาญจนบุรี,เขตสุขภาพที่ 5,,กำลังใช้งาน,,,เอกชน,คลินิกเอกชน
13,CA0042699,,ปกรณ์กาญจน์คลินิกกายภาพบำบัด,,แก่งเสี้ยน,เมืองกาญจนบุรี,,กาญจนบุรี,เขตสุขภาพที่ 5,,กำลังใช้งาน,,,เอกชน,คลินิกเอกชน
14,HA0042781,,โรงพยาบาลคริสเตียน ศูนย์คริสเตียนสังขละบุรี โรงพยาบาลทั่วไปขนาดเล็ก,,หนองลู,สังขละบุรี,,กาญจนบุรี,เขตสุขภาพที่ 5,,กำลังใช้งาน,,,เอกชน,โรงพยาบาลเอกชน
15,BA0000733,,สำนักงานสาธารณสุขอำเภอท่ามะกา,,ท่ามะกา,ท่ามะกา,,กาญจนบุรี,เขตสุขภาพที่ 5,,กำลังใช้งาน,,,รัฐบาล,สำนักงานสาธารณสุขอำเภอ
16,CA0042908,,นิภาพรคลินิกการพยาบาลและการผดุงครรภ์,,แก่งเสี้ยน,เมืองกาญจนบุรี,,กาญจนบุรี,เขตสุขภาพที่ 5,,กำลังใช้งาน,,,เอกชน,คลินิกเอกชน
17,CA0042936,,เมืองกาญจน์คลินิกเทคนิคการแพทย์,,บ้านใต้,เมืองกาญจนบุรี,,กาญจนบุรี,เขตสุขภาพที่ 5,,กำลังใช้งาน,,,เอกชน,คลินิกเอกชน
18,CA0043093,,คลินิกเฉพาะทางด้านเวชกรรมหมอกิตติศักดิ์ สาขา 2,,บ้านเหนือ,เมืองกาญจนบุรี,,กาญจนบุรี,เขตสุขภาพที่ 5,,กำลังใช้งาน,,,เอกชน,คลินิกเอกชน
19,CA0043092,,คลินิกเฉพาะทางด้านเวชกรรมจักษุ-กระดูกและข้อ พญ.ศุภลักษณา-นพ.พรหมประทาน,,ปากแพรก,เมืองกาญจนบุรี,,กาญจนบุรี,เขตสุขภาพที่ 5,,กำลังใช้งาน,,,เอกชน,คลินิกเอกชน
20,CA0043199,,คลินิกใกล้หมอการพยาบาลและการผดุงครรภ์ สาขา ทีเอ็มเค,,ท่ามะขาม,เมืองกาญจนบุรี,,กาญจนบุรี,เขตสุขภาพที่ 5,,กำลังใช้งาน,,,เอกชน,คลินิกเอกชน
21,CA0043522,,คลินิกทันตกรรมปันยิ้ม,,ท่าม่วง,ท่าม่วง,,กาญจนบุรี,เขตสุขภาพที่ 5,,กำลังใช้งาน,,,เอกชน,คลินิกเอกชน
22,CA0043539,,คลินิกทันตกรรมออโธเด็กซ์,,ท่าม่วง,ท่าม่วง,,กาญจนบุรี,เขตสุขภาพที่ 5,,กำลังใช้งาน,,,เอกชน,คลินิกเอกชน
23,CA0043819,,คลินิกทันตกรรมธีททอรี่,,ท่ามะกา,ท่ามะกา,,กาญจนบุรี,เขตสุขภาพที่ 5,,กำลังใช้งาน,,,เอกชน,คลินิกเอกชน
24,CA0041635,,คลินิกเวชกรรมหมอบดินทร์-อนันญา,,ท่ามะกา,ท่ามะกา,,กาญจนบุรี,เขตสุขภาพที่ 5,,กำลังใช้งาน,,,เอกชน,คลินิกเอกชน
25,GA0014445,,เทศบาลเมืองกาญจนบุรี,,บ้านเหนือ,เมืองกาญจนบุรี,,กาญจนบุรี,เขตสุขภาพที่ 5,,กำลังใช้งาน,,,รัฐบาล,ศูนย์บริการสาธารณสุข อปท.
26,CA0024432,,คลินิกวราพรการแพทย์,,ท่าม่วง,ท่าม่วง,,กาญจนบุรี,เขตสุขภาพที่ 5,,กำลังใช้งาน,,,เอกชน,คลินิกเอกชน
27,CA0024427,,ท่าม่วงคริสเตียนคลินิกแพทย์,,ท่าม่วง,ท่าม่วง,,กาญจนบุรี,เขตสุขภาพที่ 5,,กำลังใช้งาน,,,เอกชน,คลินิกเอกชน
28,CA0024436,,คลินิกนายแพทย์ทนงค์ศักดิ์,,ท่ามะกา,ท่ามะกา,,กาญจนบุรี,เขตสุขภาพที่ 5,,กำลังใช้งาน,,,เอกชน,คลินิกเอกชน
29,CA0024437,,คลินิกหมอพวงทิพย์,,ท่าเรือ,ท่ามะกา,,กาญจนบุรี,เขตสุขภาพที่ 5,,กำลังใช้งาน,,,เอกชน,คลินิกเอกชน
30,CA0024423,,เมืองทองคลินิกแพทย์,,บ้านเหนือ,เมืองกาญจนบุรี,,กาญจนบุรี,เขตสุขภาพที่ 5,,กำลังใช้งาน,,,เอกชน,คลินิกเอกชน
31,CA0024428,,คลินิกหมอสุวิมล,,บ้านใต้,เมืองกาญจนบุรี,,กาญจนบุรี,เขตสุขภาพที่ 5,,กำลังใช้งาน,,,เอกชน,คลินิกเอกชน
32,CA0024425,,คลินิกแพทย์สุเทพ,,ปากแพรก,เมืองกาญจนบุรี,,กาญจนบุรี,เขตสุขภาพที่ 5,,กำลังใช้งาน,,,เอกชน,คลินิกเอกชน
33,CA0024426,,คลินิกบัณฑิตการแพทย์,,บ้านเหนือ,เมืองกาญจนบุรี,,กาญจนบุรี,เขตสุขภาพที่ 5,,กำลังใช้งาน,,,เอกชน,คลินิกเอกชน
34,CA0024424,,คลินิกแพทย์พลตรี,,ท่ามะขาม,เมืองกาญจนบุรี,,กาญจนบุรี,เขตสุขภาพที่ 5,,กำลังใช้งาน,,,เอกชน,คลินิกเอกชน
35,CA0024421,,คลินิกแพทย์ปัญญา,,ปากแพรก,เมืองกาญจนบุรี,,กาญจนบุรี,เขตสุขภาพที่ 5,,กำลังใช้งาน,,,เอกชน,คลินิกเอกชน
36,CA0024438,,คลินิกแพทย์พงษ์ศักดิ์,,ท่าเรือ,ท่ามะกา,,กาญจนบุรี,เขตสุขภาพที่ 5,,กำลังใช้งาน,,,เอกชน,คลินิกเอกชน
37,CA0024439,,คลินิกแพทย์บุญลักษณ์,,ตะคร้ำเอน,ท่ามะกา,,กาญจนบุรี,เขตสุขภาพที่ 5,,กำลังใช้งาน,,,เอกชน,คลินิกเอกชน
38,CA0024444,,คลินิกแพทย์ชาติชาย,,ดอนขมิ้น,ท่ามะกา,,กาญจนบุรี,เขตสุขภาพที่ 5,,กำลังใช้งาน,,,เอกชน,คลินิกเอกชน
39,CA0024443,,คลินิกหมอภาวิณี,,ท่ามะกา,ท่ามะกา,,กาญจนบุรี,เขตสุขภาพที่ 5,,กำลังใช้งาน,,,เอกชน,คลินิกเอกชน
40,CA0024442,,คลินิกนายแพทย์ก่อพงษ์,,ท่ามะกา,ท่ามะกา,,กาญจนบุรี,เขตสุขภาพที่ 5,,กำลังใช้งาน,,,เอกชน,คลินิกเอกชน
41,CA0024422,,แฟมิลี่คลินิก(นายแพทย์รักษ์พงศ์),,บ้านใต้,เมืองกาญจนบุรี,,กาญจนบุรี,เขตสุขภาพที่ 5,,กำลังใช้งาน,,,เอกชน,คลินิกเอกชน
42,CA0024526,,คลินิกนายแพทย์ชาญศักดิ์,,ดอนขมิ้น,ท่ามะกา,,กาญจนบุรี,เขตสุขภาพที่ 5,,กำลังใช้งาน,,,เอกชน,คลินิกเอกชน
43,CA0024527,,คลินิกรณศักดิ์การแพทย์,,ดอนขมิ้น,ท่ามะกา,,กาญจนบุรี,เขตสุขภาพที่ 5,,กำลังใช้งาน,,,เอกชน,คลินิกเอกชน
44,CA0024534,,คลินิกแพทย์หญิงผ่องผิว,,ดอนขมิ้น,ท่ามะกา,,กาญจนบุรี,เขตสุขภาพที่ 5,,กำลังใช้งาน,,,เอกชน,คลินิกเอกชน
45,GA0008077,,สถานีอนามัยเฉลิมพระเกียรติ 60 พรรษา นวมินทราชินี ตำบลวังศาลา,,วังศาลา,ท่าม่วง,,กาญจนบุรี,เขตสุขภาพที่ 5,,กำลังใช้งาน,,,รัฐบาล,ศูนย์บริการสาธารณสุข อปท.
46,CA0038168,,มานัสคลินิกเวชกรรมเฉพาะทาง,,ท่ามะกา,ท่ามะกา,,กาญจนบุรี,เขตสุขภาพที่ 5,,กำลังใช้งาน,,,เอกชน,คลินิกเอกชน
47,CA0038049,,คลินิกกายภาพบำบัดท่ามะกา,,ท่ามะกา,ท่ามะกา,,กาญจนบุรี,เขตสุขภาพที่ 5,,กำลังใช้งาน,,,เอกชน,คลินิกเอกชน
48,CA0038051,,คลินิกกายภาพบำบัดพนมทวน,,พนมทวน,พนมทวน,,กาญจนบุรี,เขตสุขภาพที่ 5,,กำลังใช้งาน,,,เอกชน,คลินิกเอกชน
49,CA0038063,,ประไพผดุงครรภ์,,พังตรุ,ท่าม่วง,,กาญจนบุรี,เขตสุขภาพที่ 5,,กำลังใช้งาน,,,เอกชน,คลินิกเอกชน
50,CA0038079,,คลินิกลำทรายการพยาบาลและการผดุงครรภ์,,บ้านเก่า,เมืองกาญจนบุรี,,กาญจนบุรี,เขตสุขภาพที่ 5,,กำลังใช้งาน,,,เอกชน,คลินิกเอกชน
51,CA0038080,,คลินิกตะวันการพยาบาลและการผดุงครรภ์,,ปากแพรก,เมืองกาญจนบุรี,,กาญจนบุรี,เขตสุขภาพที่ 5,,กำลังใช้งาน,,,เอกชน,คลินิกเอกชน
52,CA0038097,,คลินิกบ้านรักษ์ฟัน,,บ้านใต้,เมืองกาญจนบุรี,,กาญจนบุรี,เขตสุขภาพที่ 5,,กำลังใช้งาน,,,เอกชน,คลินิกเอกชน
53,CA0038050,,นิคมกายภาพบำบัดคลินิก,,ท่าเรือ,ท่ามะกา,,กาญจนบุรี,เขตสุขภาพที่ 5,,กำลังใช้งาน,,,เอกชน,คลินิกเอกชน
54,CA0038065,,กนกพรรณการพยาบาลและการผดุงครรภ์,,อุโลกสี่หมื่น,ท่ามะกา,,กาญจนบุรี,เขตสุขภาพที่ 5,,กำลังใช้งาน,,,เอกชน,คลินิกเอกชน
55,CA0038082,,คลินิกวินัยดาลัดการพยาบาลและการผดุงครรภ์,,หนองฝ้าย,เลาขวัญ,,กาญจนบุรี,เขตสุขภาพที่ 5,,กำลังใช้งาน,,,เอกชน,คลินิกเอกชน
56,CA0038090,,คลินิกทรงพลทันตแพทย์,,ท่าม่วง,ท่าม่วง,,กาญจนบุรี,เขตสุขภาพที่ 5,,กำลังใช้งาน,,,เอกชน,คลินิกเอกชน
57,CA0038091,,คลินิกยิ้มสวยทันตกรรม,,ท่าเรือ,ท่ามะกา,,กาญจนบุรี,เขตสุขภาพที่ 5,,กำลังใช้งาน,,,เอกชน,คลินิกเอกชน
58,CA0038101,,คลินิกรักษ์ฟัน,,บ้านเหนือ,เมืองกาญจนบุรี,,กาญจนบุรี,เขตสุขภาพที่ 5,,กำลังใช้งาน,,,เอกชน,คลินิกเอกชน
59,CA0038104,,ทันตแพทย์คลินิก,,บ้านเหนือ,เมืองกาญจนบุรี,,กาญจนบุรี,เขตสุขภาพที่ 5,,กำลังใช้งาน,,,เอกชน,คลินิกเอกชน
60,CA0038124,,จิรวัฒน์คลินิกเวชกรรม,,ท่าม่วง,ท่าม่วง,,กาญจนบุรี,เขตสุขภาพที่ 5,,กำลังใช้งาน,,,เอกชน,คลินิกเอกชน
61,CA0038055,,ดวงเดือนการพยาบาลและการผดุงครรภ์,,จรเข้เผือก,ด่านมะขามเตี้ย,,กาญจนบุรี,เขตสุขภาพที่ 5,,กำลังใช้งาน,,,เอกชน,คลินิกเอกชน
62,CA0038056,,คลินิกบัวดีการพยาบาลและการ1ผดุงครรภ์,,ลิ่นถิ่น,ทองผาภูมิ,,กาญจนบุรี,เขตสุขภาพที่ 5,,กำลังใช้งาน,,,เอกชน,คลินิกเอกชน
63,CA0038062,,ปาริชาติคลินิกการพยาบาลและการผดุงครรภ์,,รางสาลี่,ท่าม่วง,,กาญจนบุรี,เขตสุขภาพที่ 5,,กำลังใช้งาน,,,เอกชน,คลินิกเอกชน
64,CA0038070,,เฉลิมรัตน์การพยาบาลและการผดุงครรภ์,,บ่อพลอย,บ่อพลอย,,กาญจนบุรี,เขตสุขภาพที่ 5,,กำลังใช้งาน,,,เอกชน,คลินิกเอกชน
65,CA0038072,,พรพรรณคลินิกการพยาบาลและการผดุงครรภ์,,บ่อพลอย,บ่อพลอย,,กาญจนบุรี,เขตสุขภาพที่ 5,,กำลังใช้งาน,,,เอกชน,คลินิกเอกชน
66,CA0038085,,รัชณีวรรณการพยาบาลและผดุงครรภ์,,เลาขวัญ,เลาขวัญ,,กาญจนบุรี,เขตสุขภาพที่ 5,,กำลังใช้งาน,,,เอกชน,คลินิกเอกชน
67,CA0038059,,คลินิกจิราภรณ์การพยาบาลและการผดุงครรภ์,,หนองขาว,ท่าม่วง,,กาญจนบุรี,เขตสุขภาพที่ 5,,กำลังใช้งาน,,,เอกชน,คลินิกเอกชน
68,CA0038077,,คลินิกปิยะพรการพยาบาลและการผดุงครรภ์,,แก่งเสี้ยน,เมืองกาญจนบุรี,,กาญจนบุรี,เขตสุขภาพที่ 5,,กำลังใช้งาน,,,เอกชน,คลินิกเอกชน
69,CA0038087,,คลินิกปิ่นเมืองการพยาบาลและการผดุงครรภ์,,หนองลู,สังขละบุรี,,กาญจนบุรี,เขตสุขภาพที่ 5,,กำลังใช้งาน,,,เอกชน,คลินิกเอกชน
70,CA0038089,,คลินิกรักษ์ยิ้ม,,ด่านมะขามเตี้ย,ด่านมะขามเตี้ย,,กาญจนบุรี,เขตสุขภาพที่ 5,,กำลังใช้งาน,,,เอกชน,คลินิกเอกชน
71,CA0038123,,คลินิกแพทย์ปิ่นอภัย,,ท่าม่วง,ท่าม่วง,,กาญจนบุรี,เขตสุขภาพที่ 5,,กำลังใช้งาน,,,เอกชน,คลินิกเอกชน
72,CA0038054,,เธียรสิริวงษ์คลินิกการพยาบาลและการผดุงครรภ์,,ด่านมะขามเตี้ย,ด่านมะขามเตี้ย,,กาญจนบุรี,เขตสุขภาพที่ 5,,กำลังใช้งาน,,,เอกชน,คลินิกเอกชน
73,CA0038064,,ไวต้าคลินิกการพยาบาลและการผดุงครรภ์,,แสนตอ,ท่ามะกา,,กาญจนบุรี,เขตสุขภาพที่ 5,,กำลังใช้งาน,,,เอกชน,คลินิกเอกชน
74,CA0038067,,ล้านนาคลินิกการพยาบาลและการผดุงครรภ์,,แสนตอ,ท่ามะกา,,กาญจนบุรี,เขตสุขภาพที่ 5,,กำลังใช้งาน,,,เอกชน,คลินิกเอกชน
75,CA0038069,,พุน้อยคลินิกการพยาบาลและการผดุงครรภ์,,ลุ่มสุ่ม,ไทรโยค,,กาญจนบุรี,เขตสุขภาพที่ 5,,กำลังใช้งาน,,,เอกชน,คลินิกเอกชน
76,CA0038071,,คลินิกไข่มุกการพยาบาลและผดุงครรภ์,,หนองกุ่ม,บ่อพลอย,,กาญจนบุรี,เขตสุขภาพที่ 5,,กำลังใช้งาน,,,เอกชน,คลินิกเอกชน
77,CA0038096,,แฟมิลี่คลินิก(ทันตแพทย์หญิงสุจิตรา),,บ้านใต้,เมืองกาญจนบุรี,,กาญจนบุรี,เขตสุขภาพที่ 5,,กำลังใช้งาน,,,เอกชน,คลินิกเอกชน
78,CA0038103,,จิราภรณ์ทันตคลินิก,,บ้านเหนือ,เมืองกาญจนบุรี,,กาญจนบุรี,เขตสุขภาพที่ 5,,กำลังใช้งาน,,,เอกชน,คลินิกเอกชน
79,CA0038109,,เดอะแล็บ คลินิกเทคนิคการแพทย์,,ท่ามะขาม,เมืองกาญจนบุรี,,กาญจนบุรี,เขตสุขภาพที่ 5,,กำลังใช้งาน,,,เอกชน,คลินิกเอกชน
80,CA0038122,,คลินิกหมอณรงค์,,หนองปรือ,หนองปรือ,,กาญจนบุรี,เขตสุขภาพที่ 5,,กำลังใช้งาน,,,เอกชน,คลินิกเอกชน
81,CA0038068,,สามหญิงคลินิกการพยาบาลและการผดุงครรภ์,,พระแท่น,ท่ามะกา,,กาญจนบุรี,เขตสุขภาพที่ 5,,กำลังใช้งาน,,,เอกชน,คลินิกเอกชน
82,CA0038092,,คลินิกทันตกรรมหมอศุภวรรณ,,ท่าเรือ,ท่ามะกา,,กาญจนบุรี,เขตสุขภาพที่ 5,,กำลังใช้งาน,,,เอกชน,คลินิกเอกชน
83,CA0038094,,อุไรทันตคลินิก,,ท่าเรือ,ท่ามะกา,,กาญจนบุรี,เขตสุขภาพที่ 5,,กำลังใช้งาน,,,เอกชน,คลินิกเอกชน
84,CA0038110,,กู๊ดแล็บ คลินิกเทคนิคการแพทย์,,บ้านเหนือ,เมืองกาญจนบุรี,,กาญจนบุรี,เขตสุขภาพที่ 5,,กำลังใช้งาน,,,เอกชน,คลินิกเอกชน
85,CA0038066,,จันทร์สุวรรณวุฒิคลินิกการพยาบาลและการผดุงครรภ,,พระแท่น,ท่ามะกา,,กาญจนบุรี,เขตสุขภาพที่ 5,,กำลังใช้งาน,,,เอกชน,คลินิกเอกชน
86,CA0038073,,พิมพาการพยาบาลและการผดุงครรภ์,,หลุมรัง,บ่อพลอย,,กาญจนบุรี,เขตสุขภาพที่ 5,,กำลังใช้งาน,,,เอกชน,คลินิกเอกชน
87,CA0038075,,ตลาดเขตคลินิกการพยาบาลและการผดุงครรภ์,,รางหวาย,พนมทวน,,กาญจนบุรี,เขตสุขภาพที่ 5,,กำลังใช้งาน,,,เอกชน,คลินิกเอกชน
88,CA0038078,,คลินิกสุนทรการพยาบาลและการผดุงครรภ์,,แก่งเสี้ยน,เมืองกาญจนบุรี,,กาญจนบุรี,เขตสุขภาพที่ 5,,กำลังใช้งาน,,,เอกชน,คลินิกเอกชน
89,CA0038098,,คลินิกสุขภาพฟัน,,บ้านเหนือ,เมืองกาญจนบุรี,,กาญจนบุรี,เขตสุขภาพที่ 5,,กำลังใช้งาน,,,เอกชน,คลินิกเอกชน
90,CA0038099,,คลินิกทันตแพทย์ชาญชัย,,ท่ามะขาม,เมืองกาญจนบุรี,,กาญจนบุรี,เขตสุขภาพที่ 5,,กำลังใช้งาน,,,เอกชน,คลินิกเอกชน
91,CA0038114,,สุทธิพรคลินิกการแพทย์แผนไทย,,ปากแพรก,เมืองกาญจนบุรี,,กาญจนบุรี,เขตสุขภาพที่ 5,,กำลังใช้งาน,,,เอกชน,คลินิกเอกชน
92,CA0038116,,คลินิกหมอชัช,,กลอนโด,ด่านมะขามเตี้ย,,กาญจนบุรี,เขตสุขภาพที่ 5,,กำลังใช้งาน,,,เอกชน,คลินิกเอกชน
93,CA0038119,,เจดับบลิว คลินิก,,ท่าม่วง,ท่าม่วง,,กาญจนบุรี,เขตสุขภาพที่ 5,,กำลังใช้งาน,,,เอกชน,คลินิกเอกชน
94,CA0038126,,รวมแพทย์คลินิก,,ท่าม่วง,ท่าม่วง,,กาญจนบุรี,เขตสุขภาพที่ 5,,กำลังใช้งาน,,,เอกชน,คลินิกเอกชน
95,CA0038061,,"คลินิกการพยาบาลและการผดุงครรภ์ ""บ้านคุณเที่ยง",,หนองขาว,ท่าม่วง,,กาญจนบุรี,เขตสุขภาพที่ 5,,กำลังใช้งาน,,,เอกชน,คลินิกเอกชน
96,CA0038086,,คลินิกนงลักษณ์การพยาบาลและการผดุงครรภ์,,ท่ากระดาน,ศรีสวัสดิ์,,กาญจนบุรี,เขตสุขภาพที่ 5,,กำลังใช้งาน,,,เอกชน,คลินิกเอกชน
97,CA0038107,,ดี-แล็ปคลินิกเทคนิคการแพทย์ (ลูกแก),,ดอนขมิ้น,ท่ามะกา,,กาญจนบุรี,เขตสุขภาพที่ 5,,กำลังใช้งาน,,,เอกชน,คลินิกเอกชน
98,CA0038108,,ท่าเรือแล็ป คลินิกเทคนิคการแพทย์,,ท่าเรือ,ท่ามะกา,,กาญจนบุรี,เขตสุขภาพที่ 5,,กำลังใช้งาน,,,เอกชน,คลินิกเอกชน
99,CA0038053,,วรรณภัทรกายภาพบำบัดคลินิก,,ปากแพรก,เมืองกาญจนบุรี,,กาญจนบุรี,เขตสุขภาพที่ 5,,กำลังใช้งาน,,,เอกชน,คลินิกเอกชน
100,CA0038057,,ศิวิลัยผดุงครรภ์,,ท่าขนุน,ทองผาภูมิ,,กาญจนบุรี,เขตสุขภาพที่ 5,,กำลังใช้งาน,,,เอกชน,คลินิกเอกชน
101,CA0038058,,กาญจนาพยาบาลและการผดุงครรภ์,,หนองตากยา,ท่าม่วง,,กาญจนบุรี,เขตสุขภาพที่ 5,,กำลังใช้งาน,,,เอกชน,คลินิกเอกชน
102,CA0038074,,คลินิกยุพยงค์การพยาบาลและการผดุงครรภ์,,รางหวาย,พนมทวน,,กาญจนบุรี,เขตสุขภาพที่ 5,,กำลังใช้งาน,,,เอกชน,คลินิกเอกชน
103,CA0038076,,คลินิกน้ำผึ้งการพยาบาลและการผดุงครรภ์,,หนองบัว,เมืองกาญจนบุรี,,กาญจนบุรี,เขตสุขภาพที่ 5,,กำลังใช้งาน,,,เอกชน,คลินิกเอกชน
104,CA0038081,,สวัสดีคลินิกการพยาบาลและการผดุงครรภ์,,บ้านเก่า,เมืองกาญจนบุรี,,กาญจนบุรี,เขตสุขภาพที่ 5,,กำลังใช้งาน,,,เอกชน,คลินิกเอกชน
105,CA0038083,,คลินิกบ้านรักษ์สุขภาพการพยาบาลและการผดุงครรภ์,,เลาขวัญ,เลาขวัญ,,กาญจนบุรี,เขตสุขภาพที่ 5,,กำลังใช้งาน,,,เอกชน,คลินิกเอกชน
106,CA0038084,,คลินิกเลาขวัญการพยาบาลและการผดุงครรภ์,,เลาขวัญ,เลาขวัญ,,กาญจนบุรี,เขตสุขภาพที่ 5,,กำลังใช้งาน,,,เอกชน,คลินิกเอกชน
107,CA0038088,,บ้านไผ่สีคลินิกการพยาบาลและการผดุงครรภ์,,สระลงเรือ,ห้วยกระเจา,,กาญจนบุรี,เขตสุขภาพที่ 5,,กำลังใช้งาน,,,เอกชน,คลินิกเอกชน
108,CA0038095,,เมืองกาญจน์ทันตคลินิก,,บ้านเหนือ,เมืองกาญจนบุรี,,กาญจนบุรี,เขตสุขภาพที่ 5,,กำลังใช้งาน,,,เอกชน,คลินิกเอกชน
109,CA0038100,,คลินิกหมอฟัน,,บ้านเหนือ,เมืองกาญจนบุรี,,กาญจนบุรี,เขตสุขภาพที่ 5,,กำลังใช้งาน,,,เอกชน,คลินิกเอกชน
110,CA0038093,,นายแพทย์ทรงพล-ทันตแพทย์หญิงชื่นฤดีคลินิก,,ท่าเรือ,ท่ามะกา,,กาญจนบุรี,เขตสุขภาพที่ 5,,กำลังใช้งาน,,,เอกชน,คลินิกเอกชน
111,CA0038102,,คลินิกทันตแพทย์กาญจน์,,บ้านเหนือ,เมืองกาญจนบุรี,,กาญจนบุรี,เขตสุขภาพที่ 5,,กำลังใช้งาน,,,เอกชน,คลินิกเอกชน
112,CA0038105,,มณีทันตคลินิก,,บ้านเหนือ,เมืองกาญจนบุรี,,กาญจนบุรี,เขตสุขภาพที่ 5,,กำลังใช้งาน,,,เอกชน,คลินิกเอกชน
113,CA0038111,,คลินิกแพทย์แผนไทยบ้านท่าพุ,,ด่านมะขามเตี้ย,ด่านมะขามเตี้ย,,กาญจนบุรี,เขตสุขภาพที่ 5,,กำลังใช้งาน,,,เอกชน,คลินิกเอกชน
114,CA0038115,,วารินทร์ธรคลินิกการแพทย์แผนไทย,,หนองปรือ,หนองปรือ,,กาญจนบุรี,เขตสุขภาพที่ 5,,กำลังใช้งาน,,,เอกชน,คลินิกเอกชน
115,CA0038120,,แพทย์หญิงหนึ่งฤทัยคลินิก,,ท่าม่วง,ท่าม่วง,,กาญจนบุรี,เขตสุขภาพที่ 5,,กำลังใช้งาน,,,เอกชน,คลินิกเอกชน
116,CA0024524,,คลินิกแพทย์บุญลักษณ์-เกรียงศักดิ์,,ตะคร้ำเอน,ท่ามะกา,,กาญจนบุรี,เขตสุขภาพที่ 5,,กำลังใช้งาน,,,เอกชน,คลินิกเอกชน
117,CA0038112,,คลินิกผาวังจันทร์การแพทย์แผนไทย,,หลุมรัง,บ่อพลอย,,กาญจนบุรี,เขตสุขภาพที่ 5,,กำลังใช้งาน,,,เอกชน,คลินิกเอกชน
118,CA0038117,,คลินิกนายแพทย์ประวัติ,,ด่านมะขามเตี้ย,ด่านมะขามเตี้ย,,กาญจนบุรี,เขตสุขภาพที่ 5,,กำลังใช้งาน,,,เอกชน,คลินิกเอกชน
119,CA0038113,,คลินิกกาญจณาแพทย์แผนไทย,,ปากแพรก,เมืองกาญจนบุรี,,กาญจนบุรี,เขตสุขภาพที่ 5,,กำลังใช้งาน,,,เอกชน,คลินิกเอกชน
120,CA0038118,,แพทย์โกสินทร์คลินิก,,ลิ่นถิ่น,ทองผาภูมิ,,กาญจนบุรี,เขตสุขภาพที่ 5,,กำลังใช้งาน,,,เอกชน,คลินิกเอกชน
121,CA0038121,,คลินิกแพทย์ศิวะพงษ์,,หนองขาว,ท่าม่วง,,กาญจนบุรี,เขตสุขภาพที่ 5,,กำลังใช้งาน,,,เอกชน,คลินิกเอกชน
122,CA0038127,,วันชัยคลินิก,,ท่าม่วง,ท่าม่วง,,กาญจนบุรี,เขตสุขภาพที่ 5,,กำลังใช้งาน,,,เอกชน,คลินิกเอกชน
123,CA0024441,,คลินิกแพทย์เชาวโรจน์,,ท่าเรือ,ท่ามะกา,,กาญจนบุรี,เขตสุขภาพที่ 5,,กำลังใช้งาน,,,เอกชน,คลินิกเอกชน
124,CA0024440,,คลินิกสมพงษ์การแพทย์,,ท่ามะกา,ท่ามะกา,,กาญจนบุรี,เขตสุขภาพที่ 5,,กำลังใช้งาน,,,เอกชน,คลินิกเอกชน
125,CA0038128,,คลินิกนายแพทย์ธานี,,ท่าเรือ,ท่ามะกา,,กาญจนบุรี,เขตสุขภาพที่ 5,,กำลังใช้งาน,,,เอกชน,คลินิกเอกชน
126,CA0038133,,คลินิกศิริมิตรการแพทย์,,พนมทวน,พนมทวน,,กาญจนบุรี,เขตสุขภาพที่ 5,,กำลังใช้งาน,,,เอกชน,คลินิกเอกชน
127,CA0038141,,คลินิกแพทย์เพียรศักดิ์,,บ้านเหนือ,เมืองกาญจนบุรี,,กาญจนบุรี,เขตสุขภาพที่ 5,,กำลังใช้งาน,,,เอกชน,คลินิกเอกชน
128,CA0038130,,คลินิกแพทย์พงษ์ภัทร,,ท่าเรือ,ท่ามะกา,,กาญจนบุรี,เขตสุขภาพที่ 5,,กำลังใช้งาน,,,เอกชน,คลินิกเอกชน
129,CA0024431,,คลินิกแพทย์กัณฐัศ,,บ้านเหนือ,เมืองกาญจนบุรี,,กาญจนบุรี,เขตสุขภาพที่ 5,,กำลังใช้งาน,,,เอกชน,คลินิกเอกชน
130,CA0038131,,คลินิกหมอวิบูลย์,,ท่ามะกา,ท่ามะกา,,กาญจนบุรี,เขตสุขภาพที่ 5,,กำลังใช้งาน,,,เอกชน,คลินิกเอกชน
131,CA0038132,,คลินิกปริญญาการแพทย์,,ท่าเรือ,ท่ามะกา,,กาญจนบุรี,เขตสุขภาพที่ 5,,กำลังใช้งาน,,,เอกชน,คลินิกเอกชน
132,CA0038134,,เฉลิมชัยคลินิกแพทย์,,บ้านเหนือ,เมืองกาญจนบุรี,,กาญจนบุรี,เขตสุขภาพที่ 5,,กำลังใช้งาน,,,เอกชน,คลินิกเอกชน
133,CA0038138,,คลินิกแพทย์ประยงค์ศรี,,บ้านเหนือ,เมืองกาญจนบุรี,,กาญจนบุรี,เขตสุขภาพที่ 5,,กำลังใช้งาน,,,เอกชน,คลินิกเอกชน
134,CA0038139,,คลินิกลาดหญ้าการแพทย์,,ลาดหญ้า,เมืองกาญจนบุรี,,กาญจนบุรี,เขตสุขภาพที่ 5,,กำลังใช้งาน,,,เอกชน,คลินิกเอกชน
135,CA0038147,,คลินิกแพทย์บุศรินทร์,,บ้านใต้,เมืองกาญจนบุรี,,กาญจนบุรี,เขตสุขภาพที่ 5,,กำลังใช้งาน,,,เอกชน,คลินิกเอกชน
136,CA0038151,,ดอนรักคลินิกการแพทย์,,บ้านเหนือ,เมืองกาญจนบุรี,,กาญจนบุรี,เขตสุขภาพที่ 5,,กำลังใช้งาน,,,เอกชน,คลินิกเอกชน
137,CA0038153,,นิติพลคลินิกเวชกรรม สาขากนกกาญจน์ กาญจนบุรี,,ปากแพรก,เมืองกาญจนบุรี,,กาญจนบุรี,เขตสุขภาพที่ 5,,กำลังใช้งาน,,,เอกชน,คลินิกเอกชน
138,CA0038135,,แพทย์โกสินทร์บ่อพลอยคลินิก,,หนองบัว,เมืองกาญจนบุรี,,กาญจนบุรี,เขตสุขภาพที่ 5,,กำลังใช้งาน,,,เอกชน,คลินิกเอกชน
139,CA0024430,,กาญจน์คลินิกแพทย์,,บ้านเหนือ,เมืองกาญจนบุรี,,กาญจนบุรี,เขตสุขภาพที่ 5,,กำลังใช้งาน,,,เอกชน,คลินิกเอกชน
140,CA0038144,,คลินิกแพทย์หญิงจรวยพร,,บ้านใต้,เมืองกาญจนบุรี,,กาญจนบุรี,เขตสุขภาพที่ 5,,กำลังใช้งาน,,,เอกชน,คลินิกเอกชน
141,CA0038145,,คลินิกแพทย์สหเทพ,,บ้านเหนือ,เมืองกาญจนบุรี,,กาญจนบุรี,เขตสุขภาพที่ 5,,กำลังใช้งาน,,,เอกชน,คลินิกเอกชน
142,CA0038149,,คลินิกแพทย์พงศ์ศักดิ์เวชกรรม,,บ้านเหนือ,เมืองกาญจนบุรี,,กาญจนบุรี,เขตสุขภาพที่ 5,,กำลังใช้งาน,,,เอกชน,คลินิกเอกชน
143,CA0038136,,กาญจนบุรีคลินิกแพทย์,,บ้านเหนือ,เมืองกาญจนบุรี,,กาญจนบุรี,เขตสุขภาพที่ 5,,กำลังใช้งาน,,,เอกชน,คลินิกเอกชน
144,CA0038137,,คลินิกเวชกรรมกม.9,,ปากแพรก,เมืองกาญจนบุรี,,กาญจนบุรี,เขตสุขภาพที่ 5,,กำลังใช้งาน,,,เอกชน,คลินิกเอกชน
145,CA0038142,,คลินิกแพทย์ณรงค์,,ลาดหญ้า,เมืองกาญจนบุรี,,กาญจนบุรี,เขตสุขภาพที่ 5,,กำลังใช้งาน,,,เอกชน,คลินิกเอกชน
146,CA0038143,,คลินิกแพทย์วันจันทร์,,บ้านเหนือ,เมืองกาญจนบุรี,,กาญจนบุรี,เขตสุขภาพที่ 5,,กำลังใช้งาน,,,เอกชน,คลินิกเอกชน
147,CA0038146,,คลินิกมนัสการแพทย์,,บ้านเหนือ,เมืองกาญจนบุรี,,กาญจนบุรี,เขตสุขภาพที่ 5,,กำลังใช้งาน,,,เอกชน,คลินิกเอกชน
148,CA0038150,,คลินิกหมอโสภณ,,บ้านเหนือ,เมืองกาญจนบุรี,,กาญจนบุรี,เขตสุขภาพที่ 5,,กำลังใช้งาน,,,เอกชน,คลินิกเอกชน
149,CA0038152,,นิติพลคลินิกเวชกรรม สาขาโรบินสันกาญจนบุรี,,ปากแพรก,เมืองกาญจนบุรี,,กาญจนบุรี,เขตสุขภาพที่ 5,,กำลังใช้งาน,,,เอกชน,คลินิกเอกชน
150,CA0038154,,ราชวิถีคลินิกเวชกรรม สาขากาญจนบุรี,,บ้านเหนือ,เมืองกาญจนบุรี,,กาญจนบุรี,เขตสุขภาพที่ 5,,กำลังใช้งาน,,,เอกชน,คลินิกเอกชน
151,CA0038155,,รวมแพทย์คลินิก 2,,บ้านเหนือ,เมืองกาญจนบุรี,,กาญจนบุรี,เขตสุขภาพที่ 5,,กำลังใช้งาน,,,เอกชน,คลินิกเอกชน
152,CA0038156,,วุฒิ-ศักดิ์คลินิกเวชกรรมสาขาโรบินสันกาญจนบุรี,,ปากแพรก,เมืองกาญจนบุรี,,กาญจนบุรี,เขตสุขภาพที่ 5,,กำลังใช้งาน,,,เอกชน,คลินิกเอกชน
153,CA0024429,,อรวรรณการแพทย์,,บ้านเหนือ,เมืองกาญจนบุรี,,กาญจนบุรี,เขตสุขภาพที่ 5,,กำลังใช้งาน,,,เอกชน,คลินิกเอกชน
154,CA0038158,,คลินิกแพทย์ห้วยกระเจาเวชกรรม,,บ้านเหนือ,เมืองกาญจนบุรี,,กาญจนบุรี,เขตสุขภาพที่ 5,,กำลังใช้งาน,,,เอกชน,คลินิกเอกชน
155,CA0038159,,เสรีคลินิก,,ท่าม่วง,ท่าม่วง,,กาญจนบุรี,เขตสุขภาพที่ 5,,กำลังใช้งาน,,,เอกชน,คลินิกเอกชน
156,CA0038160,,คลินิกโรคผิวหนัง,,ท่าม่วง,ท่าม่วง,,กาญจนบุรี,เขตสุขภาพที่ 5,,กำลังใช้งาน,,,เอกชน,คลินิกเอกชน
157,CA0038161,,คลินิกแพทย์ชนะพล,,ท่าม่วง,ท่าม่วง,,กาญจนบุรี,เขตสุขภาพที่ 5,,กำลังใช้งาน,,,เอกชน,คลินิกเอกชน
158,CA0038162,,คลินิกแพทย์โสภิดา-ศราวุธ,,ท่าม่วง,ท่าม่วง,,กาญจนบุรี,เขตสุขภาพที่ 5,,กำลังใช้งาน,,,เอกชน,คลินิกเอกชน
159,CA0038163,,คลินิกเด็กหมอวินิต,,ท่าม่วง,ท่าม่วง,,กาญจนบุรี,เขตสุขภาพที่ 5,,กำลังใช้งาน,,,เอกชน,คลินิกเอกชน
160,CA0038164,,คลินิกเด็กหมอพัชราภรณ์,,ท่าม่วง,ท่าม่วง,,กาญจนบุรี,เขตสุขภาพที่ 5,,กำลังใช้งาน,,,เอกชน,คลินิกเอกชน
161,CA0038165,,ถิรโรจน์การแพทย์,,หนองขาว,ท่าม่วง,,กาญจนบุรี,เขตสุขภาพที่ 5,,กำลังใช้งาน,,,เอกชน,คลินิกเอกชน
162,CA0038166,,วรพัฒน์คลินิก,,ท่าม่วง,ท่าม่วง,,กาญจนบุรี,เขตสุขภาพที่ 5,,กำลังใช้งาน,,,เอกชน,คลินิกเอกชน
163,CA0038167,,หมอแนน คลินิกตา,,ท่าม่วง,ท่าม่วง,,กาญจนบุรี,เขตสุขภาพที่ 5,,กำลังใช้งาน,,,เอกชน,คลินิกเอกชน
164,CA0038169,,คลินิกหมอชุติมา,,บ้านเหนือ,เมืองกาญจนบุรี,,กาญจนบุรี,เขตสุขภาพที่ 5,,กำลังใช้งาน,,,เอกชน,คลินิกเอกชน
165,CA0038170,,คลินิกโรคข้อและกระดูกหมอพงษ์ภัทร,,บ้านเหนือ,เมืองกาญจนบุรี,,กาญจนบุรี,เขตสุขภาพที่ 5,,กำลังใช้งาน,,,เอกชน,คลินิกเอกชน
166,CA0038171,,คลินิกแพทย์อรรถพล,,บ้านเหนือ,เมืองกาญจนบุรี,,กาญจนบุรี,เขตสุขภาพที่ 5,,กำลังใช้งาน,,,เอกชน,คลินิกเอกชน
167,CA0038172,,ธาราคลินิก,,บ้านใต้,เมืองกาญจนบุรี,,กาญจนบุรี,เขตสุขภาพที่ 5,,กำลังใช้งาน,,,เอกชน,คลินิกเอกชน
168,CA0038173,,นันดาคลินิกเด็ก,,บ้านเหนือ,เมืองกาญจนบุรี,,กาญจนบุรี,เขตสุขภาพที่ 5,,กำลังใช้งาน,,,เอกชน,คลินิกเอกชน
169,CA0038174,,บ้านรักผิวคลินิก,,บ้านใต้,เมืองกาญจนบุรี,,กาญจนบุรี,เขตสุขภาพที่ 5,,กำลังใช้งาน,,,เอกชน,คลินิกเอกชน
170,CA0038175,,หมอแก้วสกินคลินิก,,บ้านเหนือ,เมืองกาญจนบุรี,,กาญจนบุรี,เขตสุขภาพที่ 5,,กำลังใช้งาน,,,เอกชน,คลินิกเอกชน
171,CA0038176,,ออร์โธปิดิกส์ คลินิก โดย น.พ.จรัญ,,บ้านเหนือ,เมืองกาญจนบุรี,,กาญจนบุรี,เขตสุขภาพที่ 5,,กำลังใช้งาน,,,เอกชน,คลินิกเอกชน
172,GA0008058,,โรงพยาบาลส่งเสริมสุขภาพตำบลบ้านเอราวัณ ตำบลท่ากระดาน,,ท่ากระดาน,ศรีสวัสดิ์,,กาญจนบุรี,เขตสุขภาพที่ 5,,กำลังใช้งาน,,,รัฐบาล,ศูนย์บริการสาธารณสุข อปท.
173,GA0008024,,โรงพยาบาลส่งเสริมสุขภาพตำบลบ้านแก่งหลวง ตำบลเกาะสำโรง,,เกาะสำโรง,เมืองกาญจนบุรี,,กาญจนบุรี,เขตสุขภาพที่ 5,,กำลังใช้งาน,,,รัฐบาล,ศูนย์บริการสาธารณสุข อปท.
174,GA0008059,,โรงพยาบาลส่งเสริมสุขภาพตำบลบ้านท่าลำใย ตำบลเขาโจด,,เขาโจด,ศรีสวัสดิ์,,กาญจนบุรี,เขตสุขภาพที่ 5,,กำลังใช้งาน,,,รัฐบาล,ศูนย์บริการสาธารณสุข อปท.
175,GA0008060,,โรงพยาบาลส่งเสริมสุขภาพตำบลบ้านน้ำพุล่าง ตำบลเขาโจด,,เขาโจด,ศรีสวัสดิ์,,กาญจนบุรี,เขตสุขภาพที่ 5,,กำลังใช้งาน,,,รัฐบาล,ศูนย์บริการสาธารณสุข อปท.
176,GA0008025,,โรงพยาบาลส่งเสริมสุขภาพตำบลบ้านเก่า ตำบลบ้านเก่า,,บ้านเก่า,เมืองกาญจนบุรี,,กาญจนบุรี,เขตสุขภาพที่ 5,,กำลังใช้งาน,,,รัฐบาล,ศูนย์บริการสาธารณสุข อปท.
177,GA0008095,,โรงพยาบาลส่งเสริมสุขภาพตำบลบ้านหินดาด ตำบลหินดาด,,หินดาด,ทองผาภูมิ,,กาญจนบุรี,เขตสุขภาพที่ 5,,กำลังใช้งาน,,,รัฐบาล,ศูนย์บริการสาธารณสุข อปท.
178,GA0008021,,โรงพยาบาลส่งเสริมสุขภาพตำบลบ้านทับศิลา ตำบลช่องสะเดา,,ช่องสะเดา,เมืองกาญจนบุรี,,กาญจนบุรี,เขตสุขภาพที่ 5,,กำลังใช้งาน,,,รัฐบาล,ศูนย์บริการสาธารณสุข อปท.
179,GA0008033,,โรงพยาบาลส่งเสริมสุขภาพตำบลบ้านทุ่งก้างย่าง ตำบลไทรโยค,,ไทรโยค,ไทรโยค,,กาญจนบุรี,เขตสุขภาพที่ 5,,กำลังใช้งาน,,,รัฐบาล,ศูนย์บริการสาธารณสุข อปท.
180,GA0008054,,โรงพยาบาลส่งเสริมสุขภาพตำบลบ้านท่าสนุ่น ตำบลด่านแม่แฉลบ,,ด่านแม่แฉลบ,ศรีสวัสดิ์,,กาญจนบุรี,เขตสุขภาพที่ 5,,กำลังใช้งาน,,,รัฐบาล,ศูนย์บริการสาธารณสุข อปท.
181,GA0008055,,โรงพยาบาลส่งเสริมสุขภาพตำบลบ้านเกาะบุก ตำบลหนองเป็ด,,หนองเป็ด,ศรีสวัสดิ์,,กาญจนบุรี,เขตสุขภาพที่ 5,,กำลังใช้งาน,,,รัฐบาล,ศูนย์บริการสาธารณสุข อปท.
182,GA0008031,,โรงพยาบาลส่งเสริมสุขภาพตำบลบ้านแม่น้ำน้อย ตำบลไทรโยค,,ไทรโยค,ไทรโยค,,กาญจนบุรี,เขตสุขภาพที่ 5,,กำลังใช้งาน,,,รัฐบาล,ศูนย์บริการสาธารณสุข อปท.
183,GA0008034,,โรงพยาบาลส่งเสริมสุขภาพตำบลบ้านดาวดึงส์ ตำบลไทรโยค,,ไทรโยค,ไทรโยค,,กาญจนบุรี,เขตสุขภาพที่ 5,,กำลังใช้งาน,,,รัฐบาล,ศูนย์บริการสาธารณสุข อปท.
184,GA0008036,,โรงพยาบาลส่งเสริมสุขภาพตำบลบ้านท่าเสา ตำบลท่าเสา,,ท่าเสา,ไทรโยค,,กาญจนบุรี,เขตสุขภาพที่ 5,,กำลังใช้งาน,,,รัฐบาล,ศูนย์บริการสาธารณสุข อปท.
185,GA0008052,,โรงพยาบาลส่งเสริมสุขภาพตำบลบ้านสามยอด ตำบลช่องด่าน,,ช่องด่าน,บ่อพลอย,,กาญจนบุรี,เขตสุขภาพที่ 5,,กำลังใช้งาน,,,รัฐบาล,ศูนย์บริการสาธารณสุข อปท.
186,GA0008062,,โรงพยาบาลส่งเสริมสุขภาพตำบลบ้านยางม่วง ตำบลยางม่วง,,ยางม่วง,ท่ามะกา,,กาญจนบุรี,เขตสุขภาพที่ 5,,กำลังใช้งาน,,,รัฐบาล,ศูนย์บริการสาธารณสุข อปท.
187,GA0008066,,โรงพยาบาลส่งเสริมสุขภาพตำบลบ้านเขาตะพั้น ตำบลโคกตะบอง,,โคกตะบอง,ท่ามะกา,,กาญจนบุรี,เขตสุขภาพที่ 5,,กำลังใช้งาน,,,รัฐบาล,ศูนย์บริการสาธารณสุข อปท.
188,GA0008071,,โรงพยาบาลส่งเสริมสุขภาพตำบลบ้านหวายเหนียว ตำบลหวายเหนียว,,หวายเหนียว,ท่ามะกา,,กาญจนบุรี,เขตสุขภาพที่ 5,,กำลังใช้งาน,,,รัฐบาล,ศูนย์บริการสาธารณสุข อปท.
189,GA0008076,,โรงพยาบาลส่งเสริมสุขภาพตำบลบ้านศาลเจ้าโพรงไม้ ตำบลวังขนาย,,วังขนาย,ท่าม่วง,,กาญจนบุรี,เขตสุขภาพที่ 5,,กำลังใช้งาน,,,รัฐบาล,ศูนย์บริการสาธารณสุข อปท.
190,GA0008137,,โรงพยาบาลส่งเสริมสุขภาพตำบลบ้านหนองปากดง ตำบลหนองไผ่,,หนองไผ่,ด่านมะขามเตี้ย,,กาญจนบุรี,เขตสุขภาพที่ 5,,กำลังใช้งาน,,,รัฐบาล,ศูนย์บริการสาธารณสุข อปท.
191,GA0008140,,โรงพยาบาลส่งเสริมสุขภาพตำบลบ้านโป่งช้าง ตำบลหนองปรือ,,หนองปรือ,หนองปรือ,,กาญจนบุรี,เขตสุขภาพที่ 5,,กำลังใช้งาน,,,รัฐบาล,ศูนย์บริการสาธารณสุข อปท.
192,GA0008141,,โรงพยาบาลส่งเสริมสุขภาพตำบลบ้านหนองใหญ่ ตำบลหนองปรือ,,หนองปรือ,หนองปรือ,,กาญจนบุรี,เขตสุขภาพที่ 5,,กำลังใช้งาน,,,รัฐบาล,ศูนย์บริการสาธารณสุข อปท.
193,GA0008083,,โรงพยาบาลส่งเสริมสุขภาพตำบลบ้านสระเศรษฐี ตำบลบ้านใหม่,,บ้านใหม่,ท่าม่วง,,กาญจนบุรี,เขตสุขภาพที่ 5,,กำลังใช้งาน,,,รัฐบาล,ศูนย์บริการสาธารณสุข อปท.
194,GA0008104,,โรงพยาบาลส่งเสริมสุขภาพตำบลบ้านใหม่พัฒนา ตำบลหนองลู,,หนองลู,สังขละบุรี,,กาญจนบุรี,เขตสุขภาพที่ 5,,กำลังใช้งาน,,,รัฐบาล,ศูนย์บริการสาธารณสุข อปท.
195,GA0008106,,โรงพยาบาลส่งเสริมสุขภาพตำบลบ้านพระเจดีย์สามองค์ ตำบลหนองลู,,หนองลู,สังขละบุรี,,กาญจนบุรี,เขตสุขภาพที่ 5,,กำลังใช้งาน,,,รัฐบาล,ศูนย์บริการสาธารณสุข อปท.
196,GA0008120,,โรงพยาบาลส่งเสริมสุขภาพตำบลบ้านเขาวงพระจันทร์ ตำบลหนองฝ้าย,,หนองฝ้าย,เลาขวัญ,,กาญจนบุรี,เขตสุขภาพที่ 5,,กำลังใช้งาน,,,รัฐบาล,ศูนย์บริการสาธารณสุข อปท.
197,GA0008127,,โรงพยาบาลส่งเสริมสุขภาพตำบลบ้านหนองจั่น ตำบลหนองนกแก้ว,,หนองนกแก้ว,เลาขวัญ,,กาญจนบุรี,เขตสุขภาพที่ 5,,กำลังใช้งาน,,,รัฐบาล,ศูนย์บริการสาธารณสุข อปท.
198,GA0008142,,โรงพยาบาลส่งเสริมสุขภาพตำบลบ้านพยอมงาม ตำบลหนองปลาไหล,,หนองปลาไหล,หนองปรือ,,กาญจนบุรี,เขตสุขภาพที่ 5,,กำลังใช้งาน,,,รัฐบาล,ศูนย์บริการสาธารณสุข อปท.
199,GA0008144,,โรงพยาบาลส่งเสริมสุขภาพตำบลบ้านหนองผักแว่น ตำบลสมเด็จเจริญ,,สมเด็จเจริญ,หนองปรือ,,กาญจนบุรี,เขตสุขภาพที่ 5,,กำลังใช้งาน,,,รัฐบาล,ศูนย์บริการสาธารณสุข อปท.
200,GA0008125,,โรงพยาบาลส่งเสริมสุขภาพตำบลบ้านหนองปลิง ตำบลหนองปลิง,,หนองปลิง,เลาขวัญ,,กาญจนบุรี,เขตสุขภาพที่ 5,,กำลังใช้งาน,,,รัฐบาล,ศูนย์บริการสาธารณสุข อปท.
201,GA0008148,,โรงพยาบาลส่งเสริมสุขภาพตำบลบ้านดอนแสลบ ตำบลดอนแสลบ,,ดอนแสลบ,ห้วยกระเจา,,กาญจนบุรี,เขตสุขภาพที่ 5,,กำลังใช้งาน,,,รัฐบาล,ศูนย์บริการสาธารณสุข อปท.
202,GA0077716,,ศูนย์สุขภาพชุมชนเมืองเทศบาลเมืองกาญจนบุรี,,บ้านเหนือ,เมืองกาญจนบุรี,,กาญจนบุรี,เขตสุขภาพที่ 5,,กำลังใช้งาน,,,รัฐบาล,ศูนย์สุขภาพชุมชน ของ รพ. / เมือง (ศสม.)
203,GA0014821,,ศูนย์บริการสาธารณสุขเทศบาลเมืองท่าเรือพระแท่น,,ท่าเรือ,ท่ามะกา,,กาญจนบุรี,เขตสุขภาพที่ 5,,กำลังใช้งาน,,,รัฐบาล,ศูนย์บริการสาธารณสุข อปท.
204,FA0011520,,โรงพยาบาลค่ายสุรสีห์,,ลาดหญ้า,เมืองกาญจนบุรี,,กาญจนบุรี,เขตสุขภาพที่ 5,,กำลังใช้งาน,,,รัฐบาล,โรงพยาบาล นอก สธ.
205,GA0022775,,สถานพยาบาลเรือนจำจังหวัด       กาญจนบุรี,,ปากแพรก,เมืองกาญจนบุรี,,กาญจนบุรี,เขตสุขภาพที่ 5,,กำลังใช้งาน,,,รัฐบาล,ศูนย์บริการสาธารณสุข
206,GA0022827,,สถานพยาบาลเรือนจำอำเภอทองผาภูมิ,,ท่าขนุน,ทองผาภูมิ,,กาญจนบุรี,เขตสุขภาพที่ 5,,กำลังใช้งาน,,,รัฐบาล,ศูนย์บริการสาธารณสุข
207,HA0012107,,โรงพยาบาลธนกาญจน์,,บ้านใต้,เมืองกาญจนบุรี,,กาญจนบุรี,เขตสุขภาพที่ 5,,กำลังใช้งาน,,,เอกชน,โรงพยาบาลเอกชน
208,BA0000729,,สำนักงานสาธารณสุขอำเภอเมืองกาญจนบุรี,,ปากแพรก,เมืองกาญจนบุรี,,กาญจนบุรี,เขตสุขภาพที่ 5,,กำลังใช้งาน,,,รัฐบาล,สำนักงานสาธารณสุขอำเภอ
209,CA0024252,,แสงชูโตคลินิกเวชกรรม,,บ้านเหนือ,เมืองกาญจนบุรี,,กาญจนบุรี,เขตสุขภาพที่ 5,,กำลังใช้งาน,,,เอกชน,คลินิกเอกชน
210,BA0000741,,สำนักงานสาธารณสุขอำเภอห้วยกระเจา,,ห้วยกระเจา,ห้วยกระเจา,,กาญจนบุรี,เขตสุขภาพที่ 5,,กำลังใช้งาน,,,รัฐบาล,สำนักงานสาธารณสุขอำเภอ
211,HA0012104,,สถานพยาบาลท่าเรือ,,ท่าเรือ,ท่ามะกา,,กาญจนบุรี,เขตสุขภาพที่ 5,,กำลังใช้งาน,,,เอกชน,โรงพยาบาลเอกชน
212,AA0000055,,สำนักงานสาธารณสุขจังหวัดกาญจนบุรี,,ปากแพรก,เมืองกาญจนบุรี,,กาญจนบุรี,เขตสุขภาพที่ 5,,กำลังใช้งาน,,,รัฐบาล,สำนักงานสาธารณสุขจังหวัด
213,GA0099853,,ศูนย์บริการสุขภาพชุมชนองค์การบริหารส่วนตำบลท่ามะกา,,ท่ามะกา,ท่ามะกา,,กาญจนบุรี,เขตสุขภาพที่ 5,,กำลังใช้งาน,,,รัฐบาล,ศูนย์สุขภาพชุมชน ของ รพ. / เมือง (ศสม.)
214,CA0040923,,คลินิกเวชกรรมเฉพาะทางนายแพทย์กำพล,,พระแท่น,ท่ามะกา,,กาญจนบุรี,เขตสุขภาพที่ 5,,กำลังใช้งาน,,,เอกชน,คลินิกเอกชน
215,BA0000730,,สำนักงานสาธารณสุขอำเภอไทรโยค,,ลุ่มสุ่ม,ไทรโยค,,กาญจนบุรี,เขตสุขภาพที่ 5,,กำลังใช้งาน,,,รัฐบาล,สำนักงานสาธารณสุขอำเภอ
216,BA0000732,,สำนักงานสาธารณสุขอำเภอศรีสวัสดิ์,,ด่านแม่แฉลบ,ศรีสวัสดิ์,,กาญจนบุรี,เขตสุขภาพที่ 5,,กำลังใช้งาน,,,รัฐบาล,สำนักงานสาธารณสุขอำเภอ
217,BA0000739,,สำนักงานสาธารณสุขอำเภอด่านมะขามเตี้ย,,ด่านมะขามเตี้ย,ด่านมะขามเตี้ย,,กาญจนบุรี,เขตสุขภาพที่ 5,,กำลังใช้งาน,,,รัฐบาล,สำนักงานสาธารณสุขอำเภอ
218,BA0000736,,สำนักงานสาธารณสุขอำเภอสังขละบุรี,,หนองลู,สังขละบุรี,,กาญจนบุรี,เขตสุขภาพที่ 5,,กำลังใช้งาน,,,รัฐบาล,สำนักงานสาธารณสุขอำเภอ
219,BA0000740,,สำนักงานสาธารณสุขอำเภอหนองปรือ,,หนองปรือ,หนองปรือ,,กาญจนบุรี,เขตสุขภาพที่ 5,,กำลังใช้งาน,,,รัฐบาล,สำนักงานสาธารณสุขอำเภอ
220,BA0000737,,สำนักงานสาธารณสุขอำเภอพนมทวน,,พนมทวน,พนมทวน,,กาญจนบุรี,เขตสุขภาพที่ 5,,กำลังใช้งาน,,,รัฐบาล,สำนักงานสาธารณสุขอำเภอ
221,BA0000738,,สำนักงานสาธารณสุขอำเภอเลาขวัญ,,เลาขวัญ,เลาขวัญ,,กาญจนบุรี,เขตสุขภาพที่ 5,,กำลังใช้งาน,,,รัฐบาล,สำนักงานสาธารณสุขอำเภอ
222,BA0000731,,สำนักงานสาธารณสุขอำเภอบ่อพลอย,,บ่อพลอย,บ่อพลอย,,กาญจนบุรี,เขตสุขภาพที่ 5,,กำลังใช้งาน,,,รัฐบาล,สำนักงานสาธารณสุขอำเภอ
223,BA0000735,,สำนักงานสาธารณสุขอำเภอทองผาภูมิ,,ท่าขนุน,ทองผาภูมิ,,กาญจนบุรี,เขตสุขภาพที่ 5,,กำลังใช้งาน,,,รัฐบาล,สำนักงานสาธารณสุขอำเภอ
224,BA0000734,,สำนักงานสาธารณสุขอำเภอท่าม่วง,,ท่าม่วง,ท่าม่วง,,กาญจนบุรี,เขตสุขภาพที่ 5,,กำลังใช้งาน,,,รัฐบาล,สำนักงานสาธารณสุขอำเภอ
225,GA0010619,,สถานบริการสาธารณสุขชุมชนบ้านจะแก,,ไล่โว่,สังขละบุรี,,กาญจนบุรี,เขตสุขภาพที่ 5,,กำลังใช้งาน,,,รัฐบาล,สถานบริการสาธารณสุขชุมชน
226,GA0008103,,โรงพยาบาลส่งเสริมสุขภาพตำบลบ้านเวียคะดี้,,หนองลู,สังขละบุรี,,กาญจนบุรี,เขตสุขภาพที่ 5,,กำลังใช้งาน,,,รัฐบาล,ศูนย์บริการสาธารณสุข อปท.
227,GA0008150,,โรงพยาบาลส่งเสริมสุขภาพตำบลบ้านสระลงเรือ ตำบลสระลงเรือ,,สระลงเรือ,ห้วยกระเจา,,กาญจนบุรี,เขตสุขภาพที่ 5,,กำลังใช้งาน,,,รัฐบาล,ศูนย์บริการสาธารณสุข อปท.
228,GA0008011,,โรงพยาบาลส่งเสริมสุขภาพตำบลบ้านยาง ตำบลท่ามะขาม,,ท่ามะขาม,เมืองกาญจนบุรี,,กาญจนบุรี,เขตสุขภาพที่ 5,,กำลังใช้งาน,,,รัฐบาล,ศูนย์บริการสาธารณสุข อปท.
229,CA0043986,,ยาศิริคลินิกการพยาบาลและการผดุงครรภ์,,ตะคร้ำเอน,ท่ามะกา,,กาญจนบุรี,เขตสุขภาพที่ 5,,กำลังใช้งาน,,,เอกชน,คลินิกเอกชน
230,EA0010731,,โรงพยาบาลพหลพลพยุหเสนา,,ปากแพรก,เมืองกาญจนบุรี,,กาญจนบุรี,เขตสุขภาพที่ 5,,กำลังใช้งาน,,,รัฐบาล,โรงพยาบาลศูนย์
231,EA0010732,,โรงพยาบาลมะการักษ์,,ท่ามะกา,ท่ามะกา,,กาญจนบุรี,เขตสุขภาพที่ 5,,กำลังใช้งาน,,,รัฐบาล,โรงพยาบาลทั่วไป
232,EA0011283,,โรงพยาบาลทองผาภูมิ,,ท่าขนุน,ทองผาภูมิ,,กาญจนบุรี,เขตสุขภาพที่ 5,,กำลังใช้งาน,,,รัฐบาล,โรงพยาบาลชุมชน
233,EA0011280,,โรงพยาบาลบ่อพลอย,,บ่อพลอย,บ่อพลอย,,กาญจนบุรี,เขตสุขภาพที่ 5,,กำลังใช้งาน,,,รัฐบาล,โรงพยาบาลชุมชน
234,EA0011285,,โรงพยาบาลเจ้าคุณไพบูลย์พนมทวน,,พนมทวน,พนมทวน,,กาญจนบุรี,เขตสุขภาพที่ 5,,กำลังใช้งาน,,,รัฐบาล,โรงพยาบาลชุมชน
235,EA0011287,,โรงพยาบาลด่านมะขามเตี้ย,,ด่านมะขามเตี้ย,ด่านมะขามเตี้ย,,กาญจนบุรี,เขตสุขภาพที่ 5,,กำลังใช้งาน,,,รัฐบาล,โรงพยาบาลชุมชน
236,EA0011281,,โรงพยาบาลท่ากระดาน,,ท่ากระดาน,ศรีสวัสดิ์,,กาญจนบุรี,เขตสุขภาพที่ 5,,กำลังใช้งาน,,,รัฐบาล,โรงพยาบาลชุมชน
237,EA0011278,,โรงพยาบาลไทรโยค,,ลุ่มสุ่ม,ไทรโยค,,กาญจนบุรี,เขตสุขภาพที่ 5,,กำลังใช้งาน,,,รัฐบาล,โรงพยาบาลชุมชน
238,EA0011286,,โรงพยาบาลเลาขวัญ,,เลาขวัญ,เลาขวัญ,,กาญจนบุรี,เขตสุขภาพที่ 5,,กำลังใช้งาน,,,รัฐบาล,โรงพยาบาลชุมชน
239,EA0011288,,โรงพยาบาลพยาบาลสถานพระบารมี,,สมเด็จเจริญ,หนองปรือ,,กาญจนบุรี,เขตสุขภาพที่ 5,,กำลังใช้งาน,,,รัฐบาล,โรงพยาบาลชุมชน
240,EA0011279,,โรงพยาบาลสมเด็จพระปิยมหาราชรมณียเขต,,ไทรโยค,ไทรโยค,,กาญจนบุรี,เขตสุขภาพที่ 5,,กำลังใช้งาน,,,รัฐบาล,โรงพยาบาลชุมชน
241,EA0011284,,โรงพยาบาลสังขละบุรี,,หนองลู,สังขละบุรี,,กาญจนบุรี,เขตสุขภาพที่ 5,,กำลังใช้งาน,,,รัฐบาล,โรงพยาบาลชุมชน
242,EA0021948,,โรงพยาบาลห้วยกระเจา เฉลิมพระเกียรติ 80 พรรษา,,ห้วยกระเจา,ห้วยกระเจา,,กาญจนบุรี,เขตสุขภาพที่ 5,,กำลังใช้งาน,,,รัฐบาล,โรงพยาบาลชุมชน
243,EA0014136,,โรงพยาบาลศุกร์ศิริศรีสวัสดิ์,,ด่านแม่แฉลบ,ศรีสวัสดิ์,,กาญจนบุรี,เขตสุขภาพที่ 5,,กำลังใช้งาน,,,รัฐบาล,โรงพยาบาลชุมชน
244,EA0041701,,โรงพยาบาลหนองปรือ,,หนองปรือ,หนองปรือ,,กาญจนบุรี,เขตสุขภาพที่ 5,,กำลังใช้งาน,,,รัฐบาล,โรงพยาบาลชุมชน
245,CA0044029,,กันยารัตน์คลินิกการพยาบาลและการผดุงครรภ์,,ท่ามะกา,ท่ามะกา,,กาญจนบุรี,เขตสุขภาพที่ 5,,กำลังใช้งาน,,,เอกชน,คลินิกเอกชน
246,CA0044113,,คลินิกท่าม่วงการพยาบาลและผดุงครรภ์,,ท่าม่วง,ท่าม่วง,,กาญจนบุรี,เขตสุขภาพที่ 5,,กำลังใช้งาน,,,เอกชน,คลินิกเอกชน
247,CA0044181,,แคร์ยูคลินิกการพยาบาลและการผดุงครรภ์,,บ้านเก่า,เมืองกาญจนบุรี,,กาญจนบุรี,เขตสุขภาพที่ 5,,กำลังใช้งาน,,,เอกชน,คลินิกเอกชน
248,CA0044225,,อรอุมาคลินิกการพยาบาลและผดุงครรภ์,,ท่ามะกา,ท่ามะกา,,กาญจนบุรี,เขตสุขภาพที่ 5,,กำลังใช้งาน,,,เอกชน,คลินิกเอกชน
249,CA0038106,,ดี-แล็ปคลินิกเทคนิคการแพทย์,,ท่าม่วง,ท่าม่วง,,กาญจนบุรี,เขตสุขภาพที่ 5,,กำลังใช้งาน,,,เอกชน,คลินิกเอกชน
250,GA0041932,,วชิราลงกรณ(เขื่อนเขาแหลม),,ท่าขนุน,ทองผาภูมิ,,กาญจนบุรี,เขตสุขภาพที่ 5,,กำลังใช้งาน,,,รัฐบาล,ศูนย์บริการสาธารณสุข
251,GA0044345,,ศูนย์บริการสาธารณสุข เทศบาลตำบลท่ามะขาม,,ท่ามะขาม,เมืองกาญจนบุรี,,กาญจนบุรี,เขตสุขภาพที่ 5,,กำลังใช้งาน,,,รัฐบาล,ศูนย์บริการสาธารณสุข อปท.
252,CA0038052,,กายภาพบำบัดคลินิก,,บ้านเหนือ,เมืองกาญจนบุรี,,กาญจนบุรี,เขตสุขภาพที่ 5,,กำลังใช้งาน,,,เอกชน,คลินิกเอกชน
253,CA0044389,,คลินิกพนมทวนการพยาบาลและผดุงครรภ์,,พนมทวน,พนมทวน,,กาญจนบุรี,เขตสุขภาพที่ 5,,กำลังใช้งาน,,,เอกชน,คลินิกเอกชน
254,CA0044388,,คลินิกใกล้หมอการพยาบาลและผดุงครรภ์ สาขาบ่อพลอย,,บ่อพลอย,บ่อพลอย,,กาญจนบุรี,เขตสุขภาพที่ 5,,กำลังใช้งาน,,,เอกชน,คลินิกเอกชน
255,GA0008017,,โรงพยาบาลส่งเสริมสุขภาพตำบลบ้านท่ามะนาว ตำบลวังด้ง,,วังด้ง,เมืองกาญจนบุรี,,กาญจนบุรี,เขตสุขภาพที่ 5,,กำลังใช้งาน,,,รัฐบาล,ศูนย์บริการสาธารณสุข อปท.
256,GA0008026,,โรงพยาบาลส่งเสริมสุขภาพตำบลบ้านห้วยน้ำขาว ตำบลบ้านเก่า,,บ้านเก่า,เมืองกาญจนบุรี,,กาญจนบุรี,เขตสุขภาพที่ 5,,กำลังใช้งาน,,,รัฐบาล,ศูนย์บริการสาธารณสุข อปท.
257,GA0008020,,โรงพยาบาลส่งเสริมสุขภาพตำบลบ้านท่าทุ่งนา ตำบลช่องสะเดา,,ช่องสะเดา,เมืองกาญจนบุรี,,กาญจนบุรี,เขตสุขภาพที่ 5,,กำลังใช้งาน,,,รัฐบาล,ศูนย์บริการสาธารณสุข อปท.
258,GA0008107,,โรงพยาบาลส่งเสริมสุขภาพตำบลบ้านยางขาว ตำบลปรังเผล,,ปรังเผล,สังขละบุรี,,กาญจนบุรี,เขตสุขภาพที่ 5,,กำลังใช้งาน,,,รัฐบาล,ศูนย์บริการสาธารณสุข อปท.
259,GA0008028,,โรงพยาบาลส่งเสริมสุขภาพตำบลบ้านตะเคียนงาม  ตำบลบ้านเก่า,,บ้านเก่า,เมืองกาญจนบุรี,,กาญจนบุรี,เขตสุขภาพที่ 5,,กำลังใช้งาน,,,รัฐบาล,ศูนย์บริการสาธารณสุข อปท.
260,GA0008029,,โรงพยาบาลส่งเสริมสุขภาพตำบลบ้านพุน้ำร้อน ตำบลบ้านเก่า,,บ้านเก่า,เมืองกาญจนบุรี,,กาญจนบุรี,เขตสุขภาพที่ 5,,กำลังใช้งาน,,,รัฐบาล,ศูนย์บริการสาธารณสุข อปท.
261,GA0008049,,โรงพยาบาลส่งเสริมสุขภาพตำบลบ้านไร่เจริญ ตำบลหลุมรัง,,หลุมรัง,บ่อพลอย,,กาญจนบุรี,เขตสุขภาพที่ 5,,กำลังใช้งาน,,,รัฐบาล,ศูนย์บริการสาธารณสุข อปท.
262,GA0008138,,โรงพยาบาลส่งเสริมสุขภาพตำบลบ้านหนองปรือ ตำบลหนองปรือ,,หนองปรือ,หนองปรือ,,กาญจนบุรี,เขตสุขภาพที่ 5,,กำลังใช้งาน,,,รัฐบาล,ศูนย์บริการสาธารณสุข อปท.
263,GA0008016,,โรงพยาบาลส่งเสริมสุขภาพตำบลบ้านวังด้ง ตำบลวังด้ง,,วังด้ง,เมืองกาญจนบุรี,,กาญจนบุรี,เขตสุขภาพที่ 5,,กำลังใช้งาน,,,รัฐบาล,ศูนย์บริการสาธารณสุข อปท.
264,GA0008027,,โรงพยาบาลส่งเสริมสุขภาพตำบลบ้านลำทหาร ตำบลบ้านเก่า,,บ้านเก่า,เมืองกาญจนบุรี,,กาญจนบุรี,เขตสุขภาพที่ 5,,กำลังใช้งาน,,,รัฐบาล,ศูนย์บริการสาธารณสุข อปท.
265,GA0008030,,โรงพยาบาลส่งเสริมสุขภาพตำบลบ้านวังเย็น ตำบลวังเย็น,,วังเย็น,เมืองกาญจนบุรี,,กาญจนบุรี,เขตสุขภาพที่ 5,,กำลังใช้งาน,,,รัฐบาล,ศูนย์บริการสาธารณสุข อปท.
266,GA0008035,,โรงพยาบาลส่งเสริมสุขภาพตำบลบ้านช่องอ้ายกาง ตำบลลุ่มส่ม,,ลุ่มสุ่ม,ไทรโยค,,กาญจนบุรี,เขตสุขภาพที่ 5,,กำลังใช้งาน,,,รัฐบาล,ศูนย์บริการสาธารณสุข อปท.
267,GA0008010,,โรงพยาบาลส่งเสริมสุขภาพตำบลบ้านเขาพุราง ตำบลปากแพรก,,ปากแพรก,เมืองกาญจนบุรี,,กาญจนบุรี,เขตสุขภาพที่ 5,,กำลังใช้งาน,,,รัฐบาล,ศูนย์บริการสาธารณสุข อปท.
268,GA0008044,,โรงพยาบาลส่งเสริมสุขภาพตำบลบ้านใหม่ ตำบลหนองกุ่ม,,หนองกุ่ม,บ่อพลอย,,กาญจนบุรี,เขตสุขภาพที่ 5,,กำลังใช้งาน,,,รัฐบาล,ศูนย์บริการสาธารณสุข อปท.
269,GA0008100,,โรงพยาบาลส่งเสริมสุขภาพตำบลบ้านทุ่งเสือโทน ตำบลชะแล,,ชะแล,ทองผาภูมิ,,กาญจนบุรี,เขตสุขภาพที่ 5,,กำลังใช้งาน,,,รัฐบาล,ศูนย์บริการสาธารณสุข อปท.
270,GA0008122,,โรงพยาบาลส่งเสริมสุขภาพตำบลบ้านโป่งพรหม ตำบลหนองโสน,,หนองโสน,เลาขวัญ,,กาญจนบุรี,เขตสุขภาพที่ 5,,กำลังใช้งาน,,,รัฐบาล,ศูนย์บริการสาธารณสุข อปท.
271,GA0008091,,โรงพยาบาลส่งเสริมสุขภาพตำบลบ้านไร่    ตำบลห้วยเขย่ง,,ห้วยเขย่ง,ทองผาภูมิ,,กาญจนบุรี,เขตสุขภาพที่ 5,,กำลังใช้งาน,,,รัฐบาล,ศูนย์บริการสาธารณสุข อปท.
272,GA0008057,,โรงพยาบาลส่งเสริมสุขภาพตำบลบ้านบนเขาแก่งเรียง ตำบลท่ากระดาน,,ท่ากระดาน,ศรีสวัสดิ์,,กาญจนบุรี,เขตสุขภาพที่ 5,,กำลังใช้งาน,,,รัฐบาล,ศูนย์บริการสาธารณสุข อปท.
273,GA0008121,,โรงพยาบาลส่งเสริมสุขภาพตำบลบ้านหนองฝ้าย ตำบลหนองฝ้าย,,หนองฝ้าย,เลาขวัญ,,กาญจนบุรี,เขตสุขภาพที่ 5,,กำลังใช้งาน,,,รัฐบาล,ศูนย์บริการสาธารณสุข อปท.
274,GA0008131,,โรงพยาบาลส่งเสริมสุขภาพตำบลบ้านหนองไผ่เดิม ตำบลหนองไผ่,,หนองไผ่,ด่านมะขามเตี้ย,,กาญจนบุรี,เขตสุขภาพที่ 5,,กำลังใช้งาน,,,รัฐบาล,ศูนย์บริการสาธารณสุข อปท.
275,GA0008019,,โรงพยาบาลส่งเสริมสุขภาพตำบลบ้านหนองสามพราน  ตำบลวังด้ง,,วังด้ง,เมืองกาญจนบุรี,,กาญจนบุรี,เขตสุขภาพที่ 5,,กำลังใช้งาน,,,รัฐบาล,ศูนย์บริการสาธารณสุข อปท.
276,GA0008045,,โรงพยาบาลส่งเสริมสุขภาพตำบลบ้านพุพรหม ตำบลหนองกุ่ม,,หนองกุ่ม,บ่อพลอย,,กาญจนบุรี,เขตสุขภาพที่ 5,,กำลังใช้งาน,,,รัฐบาล,ศูนย์บริการสาธารณสุข อปท.
277,GA0008063,,โรงพยาบาลส่งเสริมสุขภาพตำบลบ้านดอนชะเอม ตำบลดอนชะเอม,,ดอนชะเอม,ท่ามะกา,,กาญจนบุรี,เขตสุขภาพที่ 5,,กำลังใช้งาน,,,รัฐบาล,ศูนย์บริการสาธารณสุข อปท.
278,GA0008065,,โรงพยาบาลส่งเสริมสุขภาพตำบลบ้านสำนักคร้อ ตำบลตะคร้ำเอน,,ตะคร้ำเอน,ท่ามะกา,,กาญจนบุรี,เขตสุขภาพที่ 5,,กำลังใช้งาน,,,รัฐบาล,ศูนย์บริการสาธารณสุข อปท.
279,GA0008087,,โรงพยาบาลส่งเสริมสุขภาพตำบลบ้านรางสาลี่ ตำบลรางสาลี่,,รางสาลี่,ท่าม่วง,,กาญจนบุรี,เขตสุขภาพที่ 5,,กำลังใช้งาน,,,รัฐบาล,ศูนย์บริการสาธารณสุข อปท.
280,GA0008098,,โรงพยาบาลส่งเสริมสุขภาพตำบลบ้านลิ่นถิ่น ตำบลลิ่นถิ่น,,ลิ่นถิ่น,ทองผาภูมิ,,กาญจนบุรี,เขตสุขภาพที่ 5,,กำลังใช้งาน,,,รัฐบาล,ศูนย์บริการสาธารณสุข อปท.
281,GA0008092,,โรงพยาบาลส่งเสริมสุขภาพตำบลบ้านอู่ล่อง ตำบลท่าขนุน,,ท่าขนุน,ทองผาภูมิ,,กาญจนบุรี,เขตสุขภาพที่ 5,,กำลังใช้งาน,,,รัฐบาล,ศูนย์บริการสาธารณสุข อปท.
282,GA0008108,,โรงพยาบาลส่งเสริมสุขภาพตำบลบ้านกองม่องทะ ตำบลไล่โว่,,ไล่โว่,สังขละบุรี,,กาญจนบุรี,เขตสุขภาพที่ 5,,กำลังใช้งาน,,,รัฐบาล,ศูนย์บริการสาธารณสุข อปท.
283,GA0008022,,โรงพยาบาลส่งเสริมสุขภาพตำบลบ้านหนองหญ้า ตำบลหนองหญ้า,,หนองหญ้า,เมืองกาญจนบุรี,,กาญจนบุรี,เขตสุขภาพที่ 5,,กำลังใช้งาน,,,รัฐบาล,ศูนย์บริการสาธารณสุข อปท.
284,GA0008118,,โรงพยาบาลส่งเสริมสุขภาพตำบลบ้านแสลบหย่อง ตำบลเลาขวัญ,,เลาขวัญ,เลาขวัญ,,กาญจนบุรี,เขตสุขภาพที่ 5,,กำลังใช้งาน,,,รัฐบาล,ศูนย์บริการสาธารณสุข อปท.
285,GA0008129,,โรงพยาบาลส่งเสริมสุขภาพตำบลบ้านหนองอำเภอจีน ตำบลทุ่งกระบ่ำ,,ทุ่งกระบ่ำ,เลาขวัญ,,กาญจนบุรี,เขตสุขภาพที่ 5,,กำลังใช้งาน,,,รัฐบาล,ศูนย์บริการสาธารณสุข อปท.
286,GA0008146,,โรงพยาบาลส่งเสริมสุขภาพตำบลบ้านไพรงาม ตำบลห้วยกระเจา,,ห้วยกระเจา,ห้วยกระเจา,,กาญจนบุรี,เขตสุขภาพที่ 5,,กำลังใช้งาน,,,รัฐบาล,ศูนย์บริการสาธารณสุข อปท.
287,GA0008015,,โรงพยาบาลส่งเสริมสุขภาพตำบลบ้านหนองแก ตำบลลาดหญ้า,,ลาดหญ้า,เมืองกาญจนบุรี,,กาญจนบุรี,เขตสุขภาพที่ 5,,กำลังใช้งาน,,,รัฐบาล,ศูนย์บริการสาธารณสุข อปท.
288,GA0008018,,โรงพยาบาลส่งเสริมสุขภาพตำบลบ้านท่าทุ่ม ตำบลวังด้ง,,วังด้ง,เมืองกาญจนบุรี,,กาญจนบุรี,เขตสุขภาพที่ 5,,กำลังใช้งาน,,,รัฐบาล,ศูนย์บริการสาธารณสุข อปท.
289,GA0008032,,โรงพยาบาลส่งเสริมสุขภาพตำบลบ้านท่าทุ่งนา ตำบลไทรโยค,,ไทรโยค,ไทรโยค,,กาญจนบุรี,เขตสุขภาพที่ 5,,กำลังใช้งาน,,,รัฐบาล,ศูนย์บริการสาธารณสุข อปท.
290,GA0008039,,โรงพยาบาลส่งเสริมสุขภาพตำบลบ้านหนองปลา ตำบลวังกระแจะ,,วังกระแจะ,ไทรโยค,,กาญจนบุรี,เขตสุขภาพที่ 5,,กำลังใช้งาน,,,รัฐบาล,ศูนย์บริการสาธารณสุข อปท.
291,GA0008094,,โรงพยาบาลส่งเสริมสุขภาพตำบลบ้านเหมืองปิล๊อก ตำบลปิล๊อก,,ปิล๊อก,ทองผาภูมิ,,กาญจนบุรี,เขตสุขภาพที่ 5,,กำลังใช้งาน,,,รัฐบาล,ศูนย์บริการสาธารณสุข อปท.
292,GA0008130,,โรงพยาบาลส่งเสริมสุขภาพตำบลบ้านทุ่งกระบ่ำ ตำบลทุ่งกระบ่ำ,,ทุ่งกระบ่ำ,เลาขวัญ,,กาญจนบุรี,เขตสุขภาพที่ 5,,กำลังใช้งาน,,,รัฐบาล,ศูนย์บริการสาธารณสุข อปท.
293,GA0008081,,โรงพยาบาลส่งเสริมสุขภาพตำบลบ้านเขาน้อย ตำบลเขาน้อย,,เขาน้อย,ท่าม่วง,,กาญจนบุรี,เขตสุขภาพที่ 5,,กำลังใช้งาน,,,รัฐบาล,ศูนย์บริการสาธารณสุข อปท.
294,GA0008046,,โรงพยาบาลส่งเสริมสุขภาพตำบลบ้านหนองรี ตำบลหนองรี,,หนองรี,บ่อพลอย,,กาญจนบุรี,เขตสุขภาพที่ 5,,กำลังใช้งาน,,,รัฐบาล,ศูนย์บริการสาธารณสุข อปท.
295,GA0008067,,โรงพยาบาลส่งเสริมสุขภาพตำบลบ้านโพธิ์เย็น ตำบลดอนขมิ้น,,ดอนขมิ้น,ท่ามะกา,,กาญจนบุรี,เขตสุขภาพที่ 5,,กำลังใช้งาน,,,รัฐบาล,ศูนย์บริการสาธารณสุข อปท.
296,GA0008079,,โรงพยาบาลส่งเสริมสุขภาพตำบลบ้านหนองขาว ตำบลหนองขาว,,หนองขาว,ท่าม่วง,,กาญจนบุรี,เขตสุขภาพที่ 5,,กำลังใช้งาน,,,รัฐบาล,ศูนย์บริการสาธารณสุข อปท.
297,GA0008101,,โรงพยาบาลส่งเสริมสุขภาพตำบลบ้านภูเตย ตำบลชะแล,,ชะแล,ทองผาภูมิ,,กาญจนบุรี,เขตสุขภาพที่ 5,,กำลังใช้งาน,,,รัฐบาล,ศูนย์บริการสาธารณสุข อปท.
298,GA0008135,,โรงพยาบาลส่งเสริมสุขภาพตำบลบ้านไทรทอง ตำบลจรเข้เผือก,,จรเข้เผือก,ด่านมะขามเตี้ย,,กาญจนบุรี,เขตสุขภาพที่ 5,,กำลังใช้งาน,,,รัฐบาล,ศูนย์บริการสาธารณสุข อปท.
299,GA0008050,,โรงพยาบาลส่งเสริมสุขภาพตำบลช่องด่าน,,ช่องด่าน,บ่อพลอย,,กาญจนบุรี,เขตสุขภาพที่ 5,,กำลังใช้งาน,,,รัฐบาล,ศูนย์บริการสาธารณสุข อปท.
300,GA0008073,,โรงพยาบาลส่งเสริมสุขภาพตำบลบ้านสนามแย้ ตำบลสนามแย้,,สนามแย้,ท่ามะกา,,กาญจนบุรี,เขตสุขภาพที่ 5,,กำลังใช้งาน,,,รัฐบาล,ศูนย์บริการสาธารณสุข อปท.
301,GA0008096,,โรงพยาบาลส่งเสริมสุขภาพตำบลบ้านกุยมั่ง ตำบลหินดาด,,หินดาด,ทองผาภูมิ,,กาญจนบุรี,เขตสุขภาพที่ 5,,กำลังใช้งาน,,,รัฐบาล,ศูนย์บริการสาธารณสุข อปท.
302,GA0008105,,โรงพยาบาลส่งเสริมสุขภาพตำบลบ้านซองกาเรีย ตำบลหนองลู,,หนองลู,สังขละบุรี,,กาญจนบุรี,เขตสุขภาพที่ 5,,กำลังใช้งาน,,,รัฐบาล,ศูนย์บริการสาธารณสุข อปท.
303,GA0008085,,โรงพยาบาลส่งเสริมสุขภาพตำบลบ้านห้วยไร่ ตำบลพังตรุ,,พังตรุ,ท่าม่วง,,กาญจนบุรี,เขตสุขภาพที่ 5,,กำลังใช้งาน,,,รัฐบาล,ศูนย์บริการสาธารณสุข อปท.
304,GA0008124,,โรงพยาบาลส่งเสริมสุขภาพตำบลบ้านตลุงเหนือ ตำบลหนองประดู่,,หนองประดู่,เลาขวัญ,,กาญจนบุรี,เขตสุขภาพที่ 5,,กำลังใช้งาน,,,รัฐบาล,ศูนย์บริการสาธารณสุข อปท.
305,GA0008136,,โรงพยาบาลส่งเสริมสุขภาพตำบลบ้านหนองหญ้าปล้อง ตำบลจรเข้เผือก,,จรเข้เผือก,ด่านมะขามเตี้ย,,กาญจนบุรี,เขตสุขภาพที่ 5,,กำลังใช้งาน,,,รัฐบาล,ศูนย์บริการสาธารณสุข อปท.
306,GA0008145,,โรงพยาบาลส่งเสริมสุขภาพตำบลบ้านทัพพระยา,,ห้วยกระเจา,ห้วยกระเจา,,กาญจนบุรี,เขตสุขภาพที่ 5,,กำลังใช้งาน,,,รัฐบาล,ศูนย์บริการสาธารณสุข อปท.
307,GA0008126,,โรงพยาบาลส่งเสริมสุขภาพตำบลบ้านหนองมะสัง,,หนองปลิง,เลาขวัญ,,กาญจนบุรี,เขตสุขภาพที่ 5,,กำลังใช้งาน,,,รัฐบาล,ศูนย์บริการสาธารณสุข อปท.
308,GA0008074,,โรงพยาบาลส่งเสริมสุขภาพตำบลบ้านท่าเสา ตำบลท่าเสา,,ท่าเสา,ท่ามะกา,,กาญจนบุรี,เขตสุขภาพที่ 5,,กำลังใช้งาน,,,รัฐบาล,ศูนย์บริการสาธารณสุข อปท.
309,GA0008132,,โรงพยาบาลส่งเสริมสุขภาพตำบลบ้านยางเกาะ  ตำบลกลอนโด,,กลอนโด,ด่านมะขามเตี้ย,,กาญจนบุรี,เขตสุขภาพที่ 5,,กำลังใช้งาน,,,รัฐบาล,ศูนย์บริการสาธารณสุข อปท.
310,CA0044425,,คลินิกวังศาลาการพยาบาลและผดุงครรภ์,,วังศาลา,ท่าม่วง,,กาญจนบุรี,เขตสุขภาพที่ 5,,กำลังใช้งาน,,,เอกชน,คลินิกเอกชน
311,CA0044448,,ดอนตาเพชรคลินิกการพยาบาลและการผดุงครรภ์,,ดอนตาเพชร,พนมทวน,,กาญจนบุรี,เขตสุขภาพที่ 5,,กำลังใช้งาน,,,เอกชน,คลินิกเอกชน
312,CA0044449,,ยุพยงค์คลินิกการพยาบาลและการผดุงครรภ์,,วังศาลา,ท่าม่วง,,กาญจนบุรี,เขตสุขภาพที่ 5,,กำลังใช้งาน,,,เอกชน,คลินิกเอกชน
313,CA0044525,,คลินิกยางเกาะการพยาบาลและผดุงครรภ์,,กลอนโด,ด่านมะขามเตี้ย,,กาญจนบุรี,เขตสุขภาพที่ 5,,กำลังใช้งาน,,,เอกชน,คลินิกเอกชน
314,EA0011282,,โรงพยาบาลสมเด็จพระสังฆราชองค์ที่ 19,,ท่าม่วง,ท่าม่วง,,กาญจนบุรี,เขตสุขภาพที่ 5,,กำลังใช้งาน,,,รัฐบาล,โรงพยาบาลชุมชน
315,CA0044574,,ท่าไม้ยาวคลินิกการพยาบาลและการผดุงครรภ์,,ด่านมะขามเตี้ย,ด่านมะขามเตี้ย,,กาญจนบุรี,เขตสุขภาพที่ 5,,กำลังใช้งาน,,,เอกชน,คลินิกเอกชน
316,GA0041702,,โรงพยาบาลส่งเสริมสุขภาพตำบลบ้านถ้ำมังกรทอง,,เกาะสำโรง,เมืองกาญจนบุรี,,กาญจนบุรี,เขตสุขภาพที่ 5,,กำลังใช้งาน,,,รัฐบาล,ศูนย์บริการสาธารณสุข อปท.
317,GA0008014,,โรงพยาบาลส่งเสริมสุขภาพตำบลบ้านลาดหญ้า ตำบลลาดหญ้า,,ลาดหญ้า,เมืองกาญจนบุรี,,กาญจนบุรี,เขตสุขภาพที่ 5,,กำลังใช้งาน,,,รัฐบาล,ศูนย์บริการสาธารณสุข อปท.
318,GA0008013,,โรงพยาบาลส่งเสริมสุขภาพตำบลบ้านหนองบัว ตำบลหนองบัว,,หนองบัว,เมืองกาญจนบุรี,,กาญจนบุรี,เขตสุขภาพที่ 5,,กำลังใช้งาน,,,รัฐบาล,ศูนย์บริการสาธารณสุข อปท.
319,GA0008064,,โรงพยาบาลส่งเสริมสุขภาพตำบลบ้านกระต่ายเต้น ตำบลท่าไม้,,ท่าไม้,ท่ามะกา,,กาญจนบุรี,เขตสุขภาพที่ 5,,กำลังใช้งาน,,,รัฐบาล,ศูนย์บริการสาธารณสุข อปท.
320,GA0008070,,โรงพยาบาลส่งเสริมสุขภาพตำบลบ้านพระแท่น ตำบลพระแท่น,,พระแท่น,ท่ามะกา,,กาญจนบุรี,เขตสุขภาพที่ 5,,กำลังใช้งาน,,,รัฐบาล,ศูนย์บริการสาธารณสุข อปท.
321,GA0008078,,โรงพยาบาลส่งเสริมสุขภาพตำบลบ้านเขาดิน ตำบลท่าล้อ,,ท่าล้อ,ท่าม่วง,,กาญจนบุรี,เขตสุขภาพที่ 5,,กำลังใช้งาน,,,รัฐบาล,ศูนย์บริการสาธารณสุข อปท.
322,GA0008080,,โรงพยาบาลส่งเสริมสุขภาพตำบลบ้านกร่างทอง ตำบลทุ่งทอง,,ทุ่งทอง,ท่าม่วง,,กาญจนบุรี,เขตสุขภาพที่ 5,,กำลังใช้งาน,,,รัฐบาล,ศูนย์บริการสาธารณสุข อปท.
323,GA0008012,,โรงพยาบาลส่งเสริมสุขภาพตำบลบ้านแก่งเสี้ยน,,แก่งเสี้ยน,เมืองกาญจนบุรี,,กาญจนบุรี,เขตสุขภาพที่ 5,,กำลังใช้งาน,,,รัฐบาล,ศูนย์บริการสาธารณสุข อปท.
324,GA0008061,,โรงพยาบาลส่งเสริมสุขภาพตำบลบ้านหนองพันท้าว ตำบลพงตึก,,พงตึก,ท่ามะกา,,กาญจนบุรี,เขตสุขภาพที่ 5,,กำลังใช้งาน,,,รัฐบาล,ศูนย์บริการสาธารณสุข อปท.
325,GA0008023,,โรงพยาบาลส่งเสริมสุขภาพตำบลบ้านวังปลาหมู ตำบลหนองหญ้า,,หนองหญ้า,เมืองกาญจนบุรี,,กาญจนบุรี,เขตสุขภาพที่ 5,,กำลังใช้งาน,,,รัฐบาล,ศูนย์บริการสาธารณสุข อปท.
326,GA0008040,,โรงพยาบาลส่งเสริมสุขภาพตำบลบ้านแก่งระเบิด ตำบลวังกระแจะ,,วังกระแจะ,ไทรโยค,,กาญจนบุรี,เขตสุขภาพที่ 5,,กำลังใช้งาน,,,รัฐบาล,ศูนย์บริการสาธารณสุข อปท.
327,GA0008041,,โรงพยาบาลส่งเสริมสุขภาพตำบลบ้านทุ่งเรือโกลน ตำบลศรีมงคล,,ศรีมงคล,ไทรโยค,,กาญจนบุรี,เขตสุขภาพที่ 5,,กำลังใช้งาน,,,รัฐบาล,ศูนย์บริการสาธารณสุข อปท.
328,GA0008042,,โรงพยาบาลส่งเสริมสุขภาพตำบลบ้านบ้องตี้ ตำบลบ้องตี้,,บ้องตี้,ไทรโยค,,กาญจนบุรี,เขตสุขภาพที่ 5,,กำลังใช้งาน,,,รัฐบาล,ศูนย์บริการสาธารณสุข อปท.
329,GA0008047,,โรงพยาบาลส่งเสริมสุขภาพตำบลบ้านลำอีซู ตำบลหนองรี,,หนองรี,บ่อพลอย,,กาญจนบุรี,เขตสุขภาพที่ 5,,กำลังใช้งาน,,,รัฐบาล,ศูนย์บริการสาธารณสุข อปท.
330,GA0008048,,โรงพยาบาลส่งเสริมสุขภาพตำบลบ้านหลังเขา ตำบลหนองกร่าง,,หนองกร่าง,บ่อพลอย,,กาญจนบุรี,เขตสุขภาพที่ 5,,กำลังใช้งาน,,,รัฐบาล,ศูนย์บริการสาธารณสุข อปท.
331,GA0008043,,โรงพยาบาลส่งเสริมสุขภาพตำบลหนองกระทุ่ม ตำบลหนองกุ่ม,,หนองกุ่ม,บ่อพลอย,,กาญจนบุรี,เขตสุขภาพที่ 5,,กำลังใช้งาน,,,รัฐบาล,ศูนย์บริการสาธารณสุข อปท.
332,GA0008051,,โรงพยาบาลส่งเสริมสุขภาพตำบลบ้านหลุมรัง ตำบลหลุมรัง,,หลุมรัง,บ่อพลอย,,กาญจนบุรี,เขตสุขภาพที่ 5,,กำลังใช้งาน,,,รัฐบาล,ศูนย์บริการสาธารณสุข อปท.
333,GA0008053,,โรงพยาบาลส่งเสริมสุขภาพตำบลบ้านปลายนาสวน ตำบลนาสวน,,นาสวน,ศรีสวัสดิ์,,กาญจนบุรี,เขตสุขภาพที่ 5,,กำลังใช้งาน,,,รัฐบาล,ศูนย์บริการสาธารณสุข อปท.
334,GA0008084,,โรงพยาบาลส่งเสริมสุขภาพตำบลบ้านตลาดสำรอง ตำบลพังตรุ,,พังตรุ,ท่าม่วง,,กาญจนบุรี,เขตสุขภาพที่ 5,,กำลังใช้งาน,,,รัฐบาล,ศูนย์บริการสาธารณสุข อปท.
335,GA0008088,,โรงพยาบาลส่งเสริมสุขภาพตำบลบ้านหนองตากยา ตำบลหนองตากยา,,หนองตากยา,ท่าม่วง,,กาญจนบุรี,เขตสุขภาพที่ 5,,กำลังใช้งาน,,,รัฐบาล,ศูนย์บริการสาธารณสุข อปท.
336,GA0008089,,โรงพยาบาลส่งเสริมสุขภาพตำบลนพกิจโกศล ตำบลหนองตากยา,,หนองตากยา,ท่าม่วง,,กาญจนบุรี,เขตสุขภาพที่ 5,,กำลังใช้งาน,,,รัฐบาล,ศูนย์บริการสาธารณสุข อปท.
337,GA0008097,,โรงพยาบาลส่งเสริมสุขภาพตำบลบ้านกุยแหย่ ตำบลลิ่นถิ่น,,ลิ่นถิ่น,ทองผาภูมิ,,กาญจนบุรี,เขตสุขภาพที่ 5,,กำลังใช้งาน,,,รัฐบาล,ศูนย์บริการสาธารณสุข อปท.
338,GA0008082,,โรงพยาบาลส่งเสริมสุขภาพตำบลบ้านม่วงชุม ตำบลม่วงชุม,,ม่วงชุม,ท่าม่วง,,กาญจนบุรี,เขตสุขภาพที่ 5,,กำลังใช้งาน,,,รัฐบาล,ศูนย์บริการสาธารณสุข อปท.
339,GA0008086,,โรงพยาบาลส่งเสริมสุขภาพตำบลบ้านท่าตะคร้อ ตำบลท่าตะคร้อ,,ท่าตะคร้อ,ท่าม่วง,,กาญจนบุรี,เขตสุขภาพที่ 5,,กำลังใช้งาน,,,รัฐบาล,ศูนย์บริการสาธารณสุข อปท.
340,GA0008090,,โรงพยาบาลส่งเสริมสุขภาพตำบลบ้านปรังกาสี ตำบลท่าขนุน,,ท่าขนุน,ทองผาภูมิ,,กาญจนบุรี,เขตสุขภาพที่ 5,,กำลังใช้งาน,,,รัฐบาล,ศูนย์บริการสาธารณสุข อปท.
341,GA0008093,,โรงพยาบาลส่งเสริมสุขภาพตำบลบ้านสหกรณ์นิคม ตำบลสหกรณ์นิคม,,สหกรณ์นิคม,ทองผาภูมิ,,กาญจนบุรี,เขตสุขภาพที่ 5,,กำลังใช้งาน,,,รัฐบาล,ศูนย์บริการสาธารณสุข อปท.
342,GA0008099,,โรงพยาบาลส่งเสริมสุขภาพตำบลบ้านเกริงกระเวีย ตำบลชะแล,,ชะแล,ทองผาภูมิ,,กาญจนบุรี,เขตสุขภาพที่ 5,,กำลังใช้งาน,,,รัฐบาล,ศูนย์บริการสาธารณสุข อปท.
343,GA0008109,,โรงพยาบาลส่งเสริมสุขภาพตำบลบ้านหนองโพธิ์ ตำบลดอนตาเพชร,,ดอนตาเพชร,พนมทวน,,กาญจนบุรี,เขตสุขภาพที่ 5,,กำลังใช้งาน,,,รัฐบาล,ศูนย์บริการสาธารณสุข อปท.
344,GA0008111,,โรงพยาบาลส่งเสริมสุขภาพตำบลบ้านทุ่งสมอ ตำบลทุ่งสมอ,,ทุ่งสมอ,พนมทวน,,กาญจนบุรี,เขตสุขภาพที่ 5,,กำลังใช้งาน,,,รัฐบาล,ศูนย์บริการสาธารณสุข อปท.
345,GA0008112,,โรงพยาบาลส่งเสริมสุขภาพตำบลบ้านดอนเจดีย์ ตำบลดอนเจดีย์,,ดอนเจดีย์,พนมทวน,,กาญจนบุรี,เขตสุขภาพที่ 5,,กำลังใช้งาน,,,รัฐบาล,ศูนย์บริการสาธารณสุข อปท.
346,GA0008113,,โรงพยาบาลส่งเสริมสุขภาพตำบลบ้านเบญพาด,,พังตรุ,พนมทวน,,กาญจนบุรี,เขตสุขภาพที่ 5,,กำลังใช้งาน,,,รัฐบาล,ศูนย์บริการสาธารณสุข อปท.
347,GA0008114,,โรงพยาบาลส่งเสริมสุขภาพตำบลบ้านบ่อระแหง ตำบลพังตรุ,,พังตรุ,พนมทวน,,กาญจนบุรี,เขตสุขภาพที่ 5,,กำลังใช้งาน,,,รัฐบาล,ศูนย์บริการสาธารณสุข อปท.
348,GA0008115,,โรงพยาบาลส่งเสริมสุขภาพตำบลบ้านโคราช ตำบลรางหวาย,,รางหวาย,พนมทวน,,กาญจนบุรี,เขตสุขภาพที่ 5,,กำลังใช้งาน,,,รัฐบาล,ศูนย์บริการสาธารณสุข อปท.
349,GA0008116,,โรงพยาบาลส่งเสริมสุขภาพตำบลบ้านตลาดเขต ตำบลรางหวาย,,รางหวาย,พนมทวน,,กาญจนบุรี,เขตสุขภาพที่ 5,,กำลังใช้งาน,,,รัฐบาล,ศูนย์บริการสาธารณสุข อปท.
350,GA0008117,,โรงพยาบาลส่งเสริมสุขภาพตำบลบ้านสระลุมพุก  ตำบลหนองสาหร่าย,,หนองสาหร่าย,พนมทวน,,กาญจนบุรี,เขตสุขภาพที่ 5,,กำลังใช้งาน,,,รัฐบาล,ศูนย์บริการสาธารณสุข อปท.
351,GA0008119,,โรงพยาบาลส่งเสริมสุขภาพตำบลบ้านหนองโสน ตำบลหนองโสน,,หนองโสน,เลาขวัญ,,กาญจนบุรี,เขตสุขภาพที่ 5,,กำลังใช้งาน,,,รัฐบาล,ศูนย์บริการสาธารณสุข อปท.
352,GA0008123,,โรงพยาบาลส่งเสริมสุขภาพตำบลบ้านหนองประดู่ ตำบลหนองประดู่,,หนองประดู่,เลาขวัญ,,กาญจนบุรี,เขตสุขภาพที่ 5,,กำลังใช้งาน,,,รัฐบาล,ศูนย์บริการสาธารณสุข อปท.
353,GA0008128,,โรงพยาบาลส่งเสริมสุขภาพตำบลบ้านหนองเค็ด ตำบลหนองนกแก้ว,,หนองนกแก้ว,เลาขวัญ,,กาญจนบุรี,เขตสุขภาพที่ 5,,กำลังใช้งาน,,,รัฐบาล,ศูนย์บริการสาธารณสุข อปท.
354,GA0008134,,โรงพยาบาลส่งเสริมสุขภาพตำบลบ้านท่าโป่ง ตำบลจรเข้เผือก,,จรเข้เผือก,ด่านมะขามเตี้ย,,กาญจนบุรี,เขตสุขภาพที่ 5,,กำลังใช้งาน,,,รัฐบาล,ศูนย์บริการสาธารณสุข อปท.
355,GA0008139,,โรงพยาบาลส่งเสริมสุขภาพตำบลบ้านหนองขอน ตำบลหนองปรือ,,หนองปรือ,หนองปรือ,,กาญจนบุรี,เขตสุขภาพที่ 5,,กำลังใช้งาน,,,รัฐบาล,ศูนย์บริการสาธารณสุข อปท.
356,GA0008143,,โรงพยาบาลส่งเสริมสุขภาพตำบลบ้านหนองปลาไหล ตำบลหนองปลาไหล,,หนองปลาไหล,หนองปรือ,,กาญจนบุรี,เขตสุขภาพที่ 5,,กำลังใช้งาน,,,รัฐบาล,ศูนย์บริการสาธารณสุข อปท.
357,GA0008149,,โรงพยาบาลส่งเสริมสุขภาพตำบลบ้านหนองปลิง  ตำบลดอนแสลบ,,ดอนแสลบ,ห้วยกระเจา,,กาญจนบุรี,เขตสุขภาพที่ 5,,กำลังใช้งาน,,,รัฐบาล,ศูนย์บริการสาธารณสุข อปท.
358,GA0008075,,โรงพยาบาลส่งเสริมสุขภาพตำบลหนองลาน,,หนองลาน,ท่ามะกา,,กาญจนบุรี,เขตสุขภาพที่ 5,,กำลังใช้งาน,,,รัฐบาล,ศูนย์บริการสาธารณสุข อปท.
359,GA0008037,,โรงพยาบาลส่งเสริมสุขภาพตำบลบ้านพุเตย ตำบลท่าเสา,,ท่าเสา,ไทรโยค,,กาญจนบุรี,เขตสุขภาพที่ 5,,กำลังใช้งาน,,,รัฐบาล,ศูนย์บริการสาธารณสุข อปท.
360,GA0008038,,โรงพยาบาลส่งเสริมสุขภาพตำบลบ้านท่ากิเลน ตำบลสิงห์,,สิงห์,ไทรโยค,,กาญจนบุรี,เขตสุขภาพที่ 5,,กำลังใช้งาน,,,รัฐบาล,ศูนย์บริการสาธารณสุข อปท.
361,GA0008072,,โรงพยาบาลส่งเสริมสุขภาพตำบลบ้านแสนตอ ตำบลแสนตอ,,แสนตอ,ท่ามะกา,,กาญจนบุรี,เขตสุขภาพที่ 5,,กำลังใช้งาน,,,รัฐบาล,ศูนย์บริการสาธารณสุข อปท.
362,GA0008133,,โรงพยาบาลส่งเสริมสุขภาพตำบลบ้านดอนสว่าง ตำบลกลอนโด,,กลอนโด,ด่านมะขามเตี้ย,,กาญจนบุรี,เขตสุขภาพที่ 5,,กำลังใช้งาน,,,รัฐบาล,ศูนย์บริการสาธารณสุข อปท.
363,GA0008102,,โรงพยาบาลส่งเสริมสุขภาพตำบลบ้านห้วยเขย่ง ตำบลห้วยเขย่ง,,ห้วยเขย่ง,ทองผาภูมิ,,กาญจนบุรี,เขตสุขภาพที่ 5,,กำลังใช้งาน,,,รัฐบาล,ศูนย์บริการสาธารณสุข อปท.
364,GA0014869,,โรงพยาบาลส่งเสริมสุขภาพตำบลบ้านหนองสองตอน ตำบลแก่งเสี้ยน,,แก่งเสี้ยน,เมืองกาญจนบุรี,,กาญจนบุรี,เขตสุขภาพที่ 5,,กำลังใช้งาน,,,รัฐบาล,ศูนย์บริการสาธารณสุข อปท.
365,GA0015020,,โรงพยาบาลส่งเสริมสุขภาพตำบลบ้านน้ำมุด ตำบลแม่กระบุง,,แม่กระบุง,ศรีสวัสดิ์,,กาญจนบุรี,เขตสุขภาพที่ 5,,กำลังใช้งาน,,,รัฐบาล,ศูนย์บริการสาธารณสุข อปท.
366,GA0008110,,โรงพยาบาลส่งเสริมสุขภาพตำบลบ้านหลุมหิน ตำบลหนองโรง,,หนองโรง,พนมทวน,,กาญจนบุรี,เขตสุขภาพที่ 5,,กำลังใช้งาน,,,รัฐบาล,ศูนย์บริการสาธารณสุข อปท.
367,GA0008147,,โรงพยาบาลส่งเสริมสุขภาพตำบลวังไผ่,,วังไผ่,ห้วยกระเจา,,กาญจนบุรี,เขตสุขภาพที่ 5,,กำลังใช้งาน,,,รัฐบาล,ศูนย์บริการสาธารณสุข อปท.
368,GA0008068,,โรงพยาบาลส่งเสริมสุขภาพตำบลบ้านอุโลกสี่หมื่น ตำบลอุโลกสี่หมื่น,,อุโลกสี่หมื่น,ท่ามะกา,,กาญจนบุรี,เขตสุขภาพที่ 5,,กำลังใช้งาน,,,รัฐบาล,ศูนย์บริการสาธารณสุข อปท.
369,GA0008069,,โรงพยาบาลส่งเสริมสุขภาพตำบลบ้านเขาช่อง ตำบลเขาสามสิบหาบ,,เขาสามสิบหาบ,ท่ามะกา,,กาญจนบุรี,เขตสุขภาพที่ 5,,กำลังใช้งาน,,,รัฐบาล,ศูนย์บริการสาธารณสุข อปท.
370,CA0028775,,คลินิกหมอปนัดดา,,ดอนขมิ้น,ท่ามะกา,,กาญจนบุรี,เขตสุขภาพที่ 5,,กำลังใช้งาน,,,เอกชน,คลินิกเอกชน
371,CA0044622,,อัมพาคลินิกการพยาบาลและผดุงครรภ์,,หนองขาว,ท่าม่วง,,กาญจนบุรี,เขตสุขภาพที่ 5,,กำลังใช้งาน,,,เอกชน,คลินิกเอกชน
372,CA0044683,,ไนติงเกลคลินิกการพยาบาลและการผดุงครรภ์,,ท่ามะขาม,เมืองกาญจนบุรี,,กาญจนบุรี,เขตสุขภาพที่ 5,,กำลังใช้งาน,,,เอกชน,คลินิกเอกชน
373,CA0044699,,พร้อมสุขคลินิกเวชกรรม,,ท่ามะกา,ท่ามะกา,,กาญจนบุรี,เขตสุขภาพที่ 5,,กำลังใช้งาน,,,เอกชน,คลินิกเอกชน
374,CA0044719,,คลินิกหนองหญ้าการพยาบาลและการผดุงครรภ์,,หนองหญ้า,เมืองกาญจนบุรี,,กาญจนบุรี,เขตสุขภาพที่ 5,,กำลังใช้งาน,,,เอกชน,คลินิกเอกชน
375,CA0044791,,คลินิกเพ็ญการพยาบาลและการผดุงครรภ์,,หนองประดู่,เลาขวัญ,,กาญจนบุรี,เขตสุขภาพที่ 5,,กำลังใช้งาน,,,เอกชน,คลินิกเอกชน
376,CA0044828,,ชมภู่คลินิกการพยาบาลและการผดุงครรภ์,,ท่ามะกา,ท่ามะกา,,กาญจนบุรี,เขตสุขภาพที่ 5,,กำลังใช้งาน,,,เอกชน,คลินิกเอกชน
377,CA0044836,,คลินิกเฉพาะทางด้านทันตกรรมจัดฟันหมอรุ่งกานต์,,ท่าล้อ,ท่าม่วง,,กาญจนบุรี,เขตสุขภาพที่ 5,,กำลังใช้งาน,,,เอกชน,คลินิกเอกชน
378,CA0044869,,แคร์ดีคลินิกการพยาบาลและการผดุงครรภ์,,ปากแพรก,เมืองกาญจนบุรี,,กาญจนบุรี,เขตสุขภาพที่ 5,,กำลังใช้งาน,,,เอกชน,คลินิกเอกชน
379,CA0044873,,คลินิกทันตกรรมลาดหญ้า,,ลาดหญ้า,เมืองกาญจนบุรี,,กาญจนบุรี,เขตสุขภาพที่ 5,,กำลังใช้งาน,,,เอกชน,คลินิกเอกชน
380,CA0044895,,อุ่นใจคลินิกการพยาบาลและการผดุงครรภ์,,นาสวน,ศรีสวัสดิ์,,กาญจนบุรี,เขตสุขภาพที่ 5,,กำลังใช้งาน,,,เอกชน,คลินิกเอกชน
381,CA0044940,,ปากแพรกคลินิกการพยาบาลและการผดุงครรภ์,,ปากแพรก,เมืองกาญจนบุรี,,กาญจนบุรี,เขตสุขภาพที่ 5,,กำลังใช้งาน,,,เอกชน,คลินิกเอกชน
382,CA0045027,,ทุ่งทองคลินิกการพยาบาลและการผดุงครรภ์,,ทุ่งทอง,ท่าม่วง,,กาญจนบุรี,เขตสุขภาพที่ 5,,กำลังใช้งาน,,,เอกชน,คลินิกเอกชน
383,CA0045035,,ลาดหญ้าคลินิกการพยาบาลและการผดุงครรภ์,,ลาดหญ้า,เมืองกาญจนบุรี,,กาญจนบุรี,เขตสุขภาพที่ 5,,กำลังใช้งาน,,,เอกชน,คลินิกเอกชน
384,CA0045037,,รวมใจคลินิกการพยาบาลและการผดุงครรภ์,,ท่าล้อ,ท่าม่วง,,กาญจนบุรี,เขตสุขภาพที่ 5,,กำลังใช้งาน,,,เอกชน,คลินิกเอกชน
385,CA0045094,,คลินิกบ้านเก่าการพยาบาลและการผดุงครรภ์,,บ้านเก่า,เมืองกาญจนบุรี,,กาญจนบุรี,เขตสุขภาพที่ 5,,กำลังใช้งาน,,,เอกชน,คลินิกเอกชน
386,CA0045511,,เจ แคร์ คลินิกการพยาบาลและการผดุงครรภ์,,รางหวาย,พนมทวน,,กาญจนบุรี,เขตสุขภาพที่ 5,,กำลังใช้งาน,,,เอกชน,คลินิกเอกชน
387,CA0046937,,สวรสคลินิกการพยาบาลและการผดุงครรภ์,,หนองบัว,เมืองกาญจนบุรี,,กาญจนบุรี,เขตสุขภาพที่ 5,,กำลังใช้งาน,,,เอกชน,คลินิกเอกชน
388,CA0047023,,บ้านใหม่คลินิกการพยาบาลและการผดุงครรภ์,,บ้านใหม่,ท่าม่วง,,กาญจนบุรี,เขตสุขภาพที่ 5,,กำลังใช้งาน,,,เอกชน,คลินิกเอกชน
389,CA0047090,,วิภาดาคลินิกการพยาบาลและการผดุงครรภ์,,แสนตอ,ท่ามะกา,,กาญจนบุรี,เขตสุขภาพที่ 5,,กำลังใช้งาน,,,เอกชน,คลินิกเอกชน
390,CA0047156,,วรรณาคลินิกการพยาบาลและการผดุงครรภ์,,ดอนชะเอม,ท่ามะกา,,กาญจนบุรี,เขตสุขภาพที่ 5,,กำลังใช้งาน,,,เอกชน,คลินิกเอกชน
391,CA0047544,,บุณฑิตาคลินิกการพยาบาลและการผดุงครรภ์,,อุโลกสี่หมื่น,ท่ามะกา,,กาญจนบุรี,เขตสุขภาพที่ 5,,กำลังใช้งาน,,,เอกชน,คลินิกเอกชน
392,CA0048027,,จารุณีคลินิกการพยาบาลและการผดุงครรภ์,,หนองกร่าง,บ่อพลอย,,กาญจนบุรี,เขตสุขภาพที่ 5,,กำลังใช้งาน,,,เอกชน,คลินิกเอกชน
393,CA0048122,,อุ่นไอรักษ์คลินิกการพยาบาลและการผดุงครรภ์,,พังตรุ,พนมทวน,,กาญจนบุรี,เขตสุขภาพที่ 5,,กำลังใช้งาน,,,เอกชน,คลินิกเอกชน
394,CA0048354,,วัลลภาคลินิกการพยาบาลและการผดุงครรภ์,,ลิ่นถิ่น,ทองผาภูมิ,,กาญจนบุรี,เขตสุขภาพที่ 5,,กำลังใช้งาน,,,เอกชน,คลินิกเอกชน
395,CA0048378,,แทนใจคลินิกการพยาบาลและการผดุงครรภ์,,รางสาลี่,ท่าม่วง,,กาญจนบุรี,เขตสุขภาพที่ 5,,กำลังใช้งาน,,,เอกชน,คลินิกเอกชน
396,CA0048472,,ท่ามะกาแล็บคลินิกเทคนิคการแพทย์,,ท่ามะกา,ท่ามะกา,,กาญจนบุรี,เขตสุขภาพที่ 5,,กำลังใช้งาน,,,เอกชน,คลินิกเอกชน
397,CA0048486,,นิศากรคลินิกการพยาบาลและการผดุงครรภ์,,หนองปลาไหล,หนองปรือ,,กาญจนบุรี,เขตสุขภาพที่ 5,,กำลังใช้งาน,,,เอกชน,คลินิกเอกชน
398,CA0048500,,ชลิตตาคลินิกการพยาบาลและการผดุงครรภ์,,หนองปรือ,หนองปรือ,,กาญจนบุรี,เขตสุขภาพที่ 5,,กำลังใช้งาน,,,เอกชน,คลินิกเอกชน
399,CA0048501,,อรอนงค์คลินิกการพยาบาลและการผดุงครรภ์,,สมเด็จเจริญ,หนองปรือ,,กาญจนบุรี,เขตสุขภาพที่ 5,,กำลังใช้งาน,,,เอกชน,คลินิกเอกชน
400,CA0048632,,รักษ์กาญจน์คลินิกเวชกรรม,,บ้านเหนือ,เมืองกาญจนบุรี,,กาญจนบุรี,เขตสุขภาพที่ 5,,กำลังใช้งาน,,,เอกชน,คลินิกเอกชน
401,CA0048645,,บ้านพยาบาลคลินิกการพยาบาลและการผดุงครรภ์ สาขา 2,,เกาะสำโรง,เมืองกาญจนบุรี,,กาญจนบุรี,เขตสุขภาพที่ 5,,กำลังใช้งาน,,,เอกชน,คลินิกเอกชน
402,CA0048677,,คลินิกทันตกรรมสบายสไมล์,,ท่าเรือ,ท่ามะกา,,กาญจนบุรี,เขตสุขภาพที่ 5,,กำลังใช้งาน,,,เอกชน,คลินิกเอกชน
403,CA0049037,,มณีคลินิกการพยาบาลและการผดุงครรภ์,,ลุ่มสุ่ม,ไทรโยค,,กาญจนบุรี,เขตสุขภาพที่ 5,,กำลังใช้งาน,,,เอกชน,คลินิกเอกชน
404,CA0049053,,ทุ่งคูคลินิกการพยาบาลและการผดุงครรภ์,,หนองขาว,ท่าม่วง,,กาญจนบุรี,เขตสุขภาพที่ 5,,กำลังใช้งาน,,,เอกชน,คลินิกเอกชน
405,CA0049115,,ทิพวรรณคลินิกการพยาบาลและการผดุงครรภ์,,วังด้ง,เมืองกาญจนบุรี,,กาญจนบุรี,เขตสุขภาพที่ 5,,กำลังใช้งาน,,,เอกชน,คลินิกเอกชน
406,CA0049188,,วันใหม่คลินิกการพยาบาลและการผดุงครรภ์,,ท่าเสา,ไทรโยค,,กาญจนบุรี,เขตสุขภาพที่ 5,,กำลังใช้งาน,,,เอกชน,คลินิกเอกชน
407,CA0049252,,คลินิกเวชกรรมเฉพาะทางอายุรกรรมโรคไตหมอนุจจรินทร์,,ท่ามะกา,ท่ามะกา,,กาญจนบุรี,เขตสุขภาพที่ 5,,กำลังใช้งาน,,,เอกชน,คลินิกเอกชน
408,CA0049466,,เกรซคลินิกการพยาบาลและการผดุงครรภ์,,ท่ามะขาม,เมืองกาญจนบุรี,,กาญจนบุรี,เขตสุขภาพที่ 5,,กำลังใช้งาน,,,เอกชน,คลินิกเอกชน
409,CA0049644,,คลินิกกายภาพบำบัด บ้านคุณสุ,,ท่าล้อ,ท่าม่วง,,กาญจนบุรี,เขตสุขภาพที่ 5,,กำลังใช้งาน,,,เอกชน,คลินิกเอกชน
410,CA0049710,,เจริญวดีคลินิกการพยาบาลและการผดุงครรภ์,,ท่าม่วง,ท่าม่วง,,กาญจนบุรี,เขตสุขภาพที่ 5,,กำลังใช้งาน,,,เอกชน,คลินิกเอกชน
411,CA0049718,,ปัญจะคลินิกการพยาบาลและการผดุงครรภ์,,แม่กระบุง,ศรีสวัสดิ์,,กาญจนบุรี,เขตสุขภาพที่ 5,,กำลังใช้งาน,,,เอกชน,คลินิกเอกชน
412,CA0049732,,ขวัญฤทัยคลินิกการพยาบาลและการผดุงครรภ์,,ท่ามะขาม,เมืองกาญจนบุรี,,กาญจนบุรี,เขตสุขภาพที่ 5,,กำลังใช้งาน,,,เอกชน,คลินิกเอกชน
413,CA0049973,,เบญจมาศคลินิกการพยาบาลและการผดุงครรภ์,,หนองกร่าง,บ่อพลอย,,กาญจนบุรี,เขตสุขภาพที่ 5,,กำลังใช้งาน,,,เอกชน,คลินิกเอกชน
414,CA0051081,,สระเศรษฐีคลินิกการพยาบาลและการผดุงครรภ์,,บ้านใหม่,ท่าม่วง,,กาญจนบุรี,เขตสุขภาพที่ 5,,กำลังใช้งาน,,,เอกชน,คลินิกเอกชน
415,CA0051129,,เมืองกาญจน์คลินิกกายภาพบำบัด,,บ้านเหนือ,เมืองกาญจนบุรี,,กาญจนบุรี,เขตสุขภาพที่ 5,,กำลังใช้งาน,,,เอกชน,คลินิกเอกชน
416,CA0051271,,คลินิกทันตกรรมบ้าน ฟ ฟัน,,บ่อพลอย,บ่อพลอย,,กาญจนบุรี,เขตสุขภาพที่ 5,,กำลังใช้งาน,,,เอกชน,คลินิกเอกชน
417,CA0051288,,ยุพินคลินิกการพยาบาลและการผดุงครรภ์,,วังไผ่,ห้วยกระเจา,,กาญจนบุรี,เขตสุขภาพที่ 5,,กำลังใช้งาน,,,เอกชน,คลินิกเอกชน
418,CA0051540,,ปัทมาคลินิกการพยาบาลและการผดุงครรภ์,,หลุมรัง,บ่อพลอย,,กาญจนบุรี,เขตสุขภาพที่ 5,,กำลังใช้งาน,,,เอกชน,คลินิกเอกชน
419,CA0051630,,สมทรงคลินิกการพยาบาลและการผดุงครรภ์,,หนองตากยา,ท่าม่วง,,กาญจนบุรี,เขตสุขภาพที่ 5,,กำลังใช้งาน,,,เอกชน,คลินิกเอกชน
420,CA0051685,,เวชกาญคลินิกการแพทย์แผนไทยประยุกต์,,ปากแพรก,เมืองกาญจนบุรี,,กาญจนบุรี,เขตสุขภาพที่ 5,,กำลังใช้งาน,,,เอกชน,คลินิกเอกชน
421,CA0051741,,คลินิกเวชกรรมไตเทียมท่าม่วง,,ท่าม่วง,ท่าม่วง,,กาญจนบุรี,เขตสุขภาพที่ 5,,กำลังใช้งาน,,,เอกชน,คลินิกเอกชน
422,CA0051833,,จันทร์เพ็ญคลินิกการพยาบาลและการผดุงครรภ์,,หนองปลิง,เลาขวัญ,,กาญจนบุรี,เขตสุขภาพที่ 5,,กำลังใช้งาน,,,เอกชน,คลินิกเอกชน
423,CA0051997,,รางหวายคลินิกการพยาบาลและการผดุงครรภ์,,รางหวาย,พนมทวน,,กาญจนบุรี,เขตสุขภาพที่ 5,,กำลังใช้งาน,,,เอกชน,คลินิกเอกชน
424,CA0052231,,คลินิกทันตกรรมอิมเพรส,,ท่าเรือ,ท่ามะกา,,กาญจนบุรี,เขตสุขภาพที่ 5,,กำลังใช้งาน,,,เอกชน,คลินิกเอกชน
425,CA0052987,,ภัทรณิชาช์คลินิกการพยาบาลและการผดุงครรภ์,,ท่าไม้,ท่ามะกา,,กาญจนบุรี,เขตสุขภาพที่ 5,,กำลังใช้งาน,,,เอกชน,คลินิกเอกชน
426,CA0053077,,มัลลิกาคลินิกการพยาบาลและการผดุงครรภ์,,สิงห์,ไทรโยค,,กาญจนบุรี,เขตสุขภาพที่ 5,,กำลังใช้งาน,,,เอกชน,คลินิกเอกชน
427,GA0077423,,หน่วยบริการปฐมภูมิโรงพยาบาลไทรโยค สาขา1,,ลุ่มสุ่ม,ไทรโยค,,กาญจนบุรี,เขตสุขภาพที่ 5,,กำลังใช้งาน,,,รัฐบาล,ศูนย์สุขภาพชุมชน ของ รพ. / เมือง (ศสม.)
428,CA0053275,,แสนรักษ์คลินิกการพยาบาลและการผดุงครรภ์,,สิงห์,ไทรโยค,,กาญจนบุรี,เขตสุขภาพที่ 5,,กำลังใช้งาน,,,เอกชน,คลินิกเอกชน
429,CA0053351,,เพ็ญศิริคลินิกการพยาบาลและการผดุงครรภ์,,ท่าเสา,ท่ามะกา,,กาญจนบุรี,เขตสุขภาพที่ 5,,กำลังใช้งาน,,,เอกชน,คลินิกเอกชน
430,CA0053390,,วังขนายคลินิกการพยาบาลและการผดุงครรภ์,,วังขนาย,ท่าม่วง,,กาญจนบุรี,เขตสุขภาพที่ 5,,กำลังใช้งาน,,,เอกชน,คลินิกเอกชน
431,CA0053424,,จิราวรรณคลินิกการพยาบาลและการผดุงครรภ์,,เขาโจด,ศรีสวัสดิ์,,กาญจนบุรี,เขตสุขภาพที่ 5,,กำลังใช้งาน,,,เอกชน,คลินิกเอกชน
432,CA0053425,,สหคลินิกหมอปิง,,ปากแพรก,เมืองกาญจนบุรี,,กาญจนบุรี,เขตสุขภาพที่ 5,,กำลังใช้งาน,,,เอกชน,คลินิกเอกชน
433,CA0053665,,ขวัญใจคลินิกการพยาบาลและการผดุงครรภ์,,หวายเหนียว,ท่ามะกา,,กาญจนบุรี,เขตสุขภาพที่ 5,,กำลังใช้งาน,,,เอกชน,คลินิกเอกชน
434,CA0053712,,ราชพฤกษ์กาญจนคลินิกเวชกรรม,,พนมทวน,พนมทวน,,กาญจนบุรี,เขตสุขภาพที่ 5,,กำลังใช้งาน,,,เอกชน,คลินิกเอกชน
435,CA0053713,,ท่าสนุ่นคลินิกการพยาบาลและการผดุงครรภ์,,ด่านแม่แฉลบ,ศรีสวัสดิ์,,กาญจนบุรี,เขตสุขภาพที่ 5,,กำลังใช้งาน,,,เอกชน,คลินิกเอกชน
436,CA0053783,,รักษ์กันคลินิกการพยาบาลและการผดุงครรภ์,,ท่าม่วง,ท่าม่วง,,กาญจนบุรี,เขตสุขภาพที่ 5,,กำลังใช้งาน,,,เอกชน,คลินิกเอกชน
437,CA0054413,,นั้ยแคร์ คลินิกการพยาบาลและการผดุงครรภ์,,หนองบัว,เมืองกาญจนบุรี,,กาญจนบุรี,เขตสุขภาพที่ 5,,กำลังใช้งาน,,,เอกชน,คลินิกเอกชน
438,CA0054570,,บ่อพลอยอุ่นใจการพยาบาลและการผดุงครรภ์,,บ่อพลอย,บ่อพลอย,,กาญจนบุรี,เขตสุขภาพที่ 5,,กำลังใช้งาน,,,เอกชน,คลินิกเอกชน
439,CA0054672,,เหมา เดอะ หมอ คลินิกการแพทย์แผนไทย,,ปากแพรก,เมืองกาญจนบุรี,,กาญจนบุรี,เขตสุขภาพที่ 5,,กำลังใช้งาน,,,เอกชน,คลินิกเอกชน
440,CA0054829,,คลินิกทันตกรรมสไมล์อัพ,,ตะคร้ำเอน,ท่ามะกา,,กาญจนบุรี,เขตสุขภาพที่ 5,,กำลังใช้งาน,,,เอกชน,คลินิกเอกชน
441,CA0054834,,คลินิกทันตกรรมแต้มยิ้ม,,ท่าม่วง,ท่าม่วง,,กาญจนบุรี,เขตสุขภาพที่ 5,,กำลังใช้งาน,,,เอกชน,คลินิกเอกชน
442,CA0054836,,คลินิกทันตกรรมแต้มยิ้ม อ.เมือง กาญจนบุรี,,ท่ามะขาม,เมืองกาญจนบุรี,,กาญจนบุรี,เขตสุขภาพที่ 5,,กำลังใช้งาน,,,เอกชน,คลินิกเอกชน
443,CA0054837,,คลินิกทันตกรรมฟอฟัน,,ปากแพรก,เมืองกาญจนบุรี,,กาญจนบุรี,เขตสุขภาพที่ 5,,กำลังใช้งาน,,,เอกชน,คลินิกเอกชน
444,CA0054927,,คลินิกทันตกรรมบ้านรักฟัน,,ท่ามะกา,ท่ามะกา,,กาญจนบุรี,เขตสุขภาพที่ 5,,กำลังใช้งาน,,,เอกชน,คลินิกเอกชน
445,CA0054955,,คลินิกทนตกรรมสไมล์อัพ 3,,ปากแพรก,เมืองกาญจนบุรี,,กาญจนบุรี,เขตสุขภาพที่ 5,,กำลังใช้งาน,,,เอกชน,คลินิกเอกชน
446,CA0054957,,คลินิกทันตกรรมสไมล์อัพ 2,,ท่ามะกา,ท่ามะกา,,กาญจนบุรี,เขตสุขภาพที่ 5,,กำลังใช้งาน,,,เอกชน,คลินิกเอกชน
447,CA0055094,,คลินิกทันตกรรมของขวัญ,,ท่าม่วง,ท่าม่วง,,กาญจนบุรี,เขตสุขภาพที่ 5,,กำลังใช้งาน,,,เอกชน,คลินิกเอกชน
448,CA0055131,,รักสุขคลินิกการพยาบาลและการผดุงครรภ์,,รางสาลี่,ท่าม่วง,,กาญจนบุรี,เขตสุขภาพที่ 5,,กำลังใช้งาน,,,เอกชน,คลินิกเอกชน
449,CA0055391,,คลินิกการแพทย์แผนไทยบ้านไตรรักษ์,,หนองกุ่ม,บ่อพลอย,,กาญจนบุรี,เขตสุขภาพที่ 5,,กำลังใช้งาน,,,เอกชน,คลินิกเอกชน
450,CA0055452,,คลินิกทันตกรรมรักยิ้ม,,บ้านเหนือ,เมืองกาญจนบุรี,,กาญจนบุรี,เขตสุขภาพที่ 5,,กำลังใช้งาน,,,เอกชน,คลินิกเอกชน
451,CA0055913,,จริงใจคลินิกการแพทย์แผนไทย,,พระแท่น,ท่ามะกา,,กาญจนบุรี,เขตสุขภาพที่ 5,,กำลังใช้งาน,,,เอกชน,คลินิกเอกชน
452,CA0000267,,พร้อมสุขคลินิกการพยาบาลและการผดุงครรภ์,,ท่ามะกา,ท่ามะกา,,กาญจนบุรี,เขตสุขภาพที่ 5,,กำลังใช้งาน,,,เอกชน,คลินิกเอกชน
453,CA0000479,,แคร์ยูคลินิกการพยาบาลและการผดุงครรภ์ สาขา2,,ท่าเสา,ไทรโยค,,กาญจนบุรี,เขตสุขภาพที่ 5,,กำลังใช้งาน,,,เอกชน,คลินิกเอกชน
454,CA0002074,,คลินิกทันตกรรมเอนเทอร์,,บ้านเหนือ,เมืองกาญจนบุรี,,กาญจนบุรี,เขตสุขภาพที่ 5,,กำลังใช้งาน,,,เอกชน,คลินิกเอกชน
455,CA0002252,,อาภาคลินิกการพยาบาลและการผดุงครรภ์,,หนองหญ้า,เมืองกาญจนบุรี,,กาญจนบุรี,เขตสุขภาพที่ 5,,กำลังใช้งาน,,,เอกชน,คลินิกเอกชน
456,CA0002377,,คลินิกทันตกรรมลัคกี้,,บ่อพลอย,บ่อพลอย,,กาญจนบุรี,เขตสุขภาพที่ 5,,กำลังใช้งาน,,,เอกชน,คลินิกเอกชน
457,CA0002471,,เวสเทิร์นคลินิกการพยาบาลและการผดุงครรภ์,,สระลงเรือ,ห้วยกระเจา,,กาญจนบุรี,เขตสุขภาพที่ 5,,กำลังใช้งาน,,,เอกชน,คลินิกเอกชน
458,CA0002689,,ศรีสาโรชคลินิกการพยาบาลและผดุงครรภ์,,ห้วยกระเจา,ห้วยกระเจา,,กาญจนบุรี,เขตสุขภาพที่ 5,,กำลังใช้งาน,,,เอกชน,คลินิกเอกชน
459,CA0002725,,ดีโอ้เดนทัลคลินิกทันตกรรม สาขากาญจนบุรี,,บ้านเหนือ,เมืองกาญจนบุรี,,กาญจนบุรี,เขตสุขภาพที่ 5,,กำลังใช้งาน,,,เอกชน,คลินิกเอกชน
460,CA0002729,,คลินิกเฉพาะทางด้านเวชกรรมสูตินรีเวช นายแพทย์อภิรักษ์,,พระแท่น,ท่ามะกา,,กาญจนบุรี,เขตสุขภาพที่ 5,,กำลังใช้งาน,,,เอกชน,คลินิกเอกชน
461,CA0002883,,หัวนาคลินิกเวชกรรม,,ปากแพรก,เมืองกาญจนบุรี,,กาญจนบุรี,เขตสุขภาพที่ 5,,กำลังใช้งาน,,,เอกชน,คลินิกเอกชน
